project_gid,project_name,canonical_phase,n_tasks,n_completed,n_assignees,first_completed,last_completed,span_days,tracked_minutes,tracked_hours,total_subtasks,n_activity,n_comments,bulk_created_fraction
1207375113405523,(Umich) Asset Spreadsheet Example,Untitled section,43,0,0,,,,0.0,0.0,4,0,0,0.02
1206594949252410,2024 Projects,Ascent,6,0,0,,,,0.0,0.0,0,0,0,0.17
1206594949252410,2024 Projects,Inclusivity,4,2,0,2024-05-13T18:12:44.452000+00:00,2024-05-13T18:19:42.475000+00:00,0,0.0,0.0,0,0,0,0.25
1206594949252410,2024 Projects,Radio Systems,6,0,0,,,,0.0,0.0,0,0,0,0.17
1206594949252410,2024 Projects,Sprints,9,0,0,,,,0.0,0.0,0,0,0,0.11
1206594949252410,2024 Projects,Untitled section,13,3,0,2024-05-13T18:24:10.935000+00:00,2024-06-27T19:23:56.063000+00:00,45,0.0,0.0,0,0,0,0.08
1209116404156395,3D Environments Asset Spreadsheet,Untitled section,26,26,0,2025-08-18T14:04:27.881000+00:00,2025-09-22T13:34:18.896000+00:00,35,0.0,0.0,0,0,0,0.04
1208878713359040,3D Environments Summer Online,Analysis,7,7,1,2025-01-19T20:10:16.883000+00:00,2025-02-04T13:33:26.111000+00:00,16,0.0,0.0,0,0,0,0.14
1208878713359040,3D Environments Summer Online,Design,15,0,2,,,,0.0,0.0,25,0,0,0.07
1208878713359040,3D Environments Summer Online,Launch / Post-Launch,5,4,2,2025-07-30T11:26:40.945000+00:00,2026-01-02T20:00:24.156000+00:00,156,0.0,0.0,0,0,0,0.2
1208878713359040,3D Environments Summer Online,PM Time Tracking,45,45,1,2025-02-04T13:34:32.279000+00:00,2025-12-04T13:17:01.240000+00:00,303,1825.0,30.42,0,0,0,0.02
1208878713359040,3D Environments Summer Online,Post-Production / Design Development,29,6,3,2025-09-04T13:32:09.893000+00:00,2025-11-10T13:00:41.859000+00:00,67,0.0,0.0,3,0,0,0.03
1208878713359040,3D Environments Summer Online,Pre-Production,4,3,1,2025-01-24T17:48:39.442000+00:00,2025-09-11T13:29:27.866000+00:00,230,285.0,4.75,0,0,0,0.25
1208878713359040,3D Environments Summer Online,Production,1,1,1,2025-08-04T14:16:39.467000+00:00,2025-08-04T14:16:39.467000+00:00,0,0.0,0.0,0,0,0,1.0
1205095744696654,ACE Ascent Phase II,Design Leadership II,5,5,0,2023-07-19T19:39:09.228000+00:00,2023-12-19T18:44:08.628000+00:00,153,0.0,0.0,7,0,0,0.2
1205095744696654,ACE Ascent Phase II,Design Ratio and Proportion,7,7,1,2023-07-19T19:39:09.667000+00:00,2023-12-19T18:43:59.686000+00:00,153,0.0,0.0,9,0,0,0.14
1205095744696654,ACE Ascent Phase II,Post-Production Leadership II,4,4,0,2023-11-17T17:56:48.999000+00:00,2023-12-14T18:51:06.206000+00:00,27,0.0,0.0,6,0,0,0.25
1205095744696654,ACE Ascent Phase II,Post-Production Ratio and Proportion,4,4,0,2023-10-19T15:43:30.639000+00:00,2024-08-16T14:35:32.176000+00:00,302,0.0,0.0,6,0,0,0.25
1205095744696654,ACE Ascent Phase II,Pre-Production Leadership II,4,4,0,2023-10-18T19:52:40.693000+00:00,2023-10-19T16:06:05.876000+00:00,1,0.0,0.0,0,0,0,0.25
1205095744696654,ACE Ascent Phase II,Pre-Production Ratio and Proportion,4,4,0,2023-10-19T15:28:11.221000+00:00,2023-10-19T15:30:15.642000+00:00,0,0.0,0.0,0,0,0,0.25
1205095744696654,ACE Ascent Phase II,Production Leadership II,2,2,0,2023-10-18T19:52:45.689000+00:00,2023-10-18T19:52:46.322000+00:00,0,0.0,0.0,0,0,0,0.5
1205095744696654,ACE Ascent Phase II,Production Ratio and Proportion,2,2,0,2023-10-19T15:39:16.965000+00:00,2023-10-19T15:39:18.599000+00:00,0,0.0,0.0,0,0,0,0.5
1207338575319394,ACE Ascent Phase III,Animation Leadership IIIa,4,4,2,2024-05-16T17:30:27.182000+00:00,2024-07-15T14:15:35.986000+00:00,60,0.0,0.0,8,0,0,0.25
1207338575319394,ACE Ascent Phase III,Animation/Graphics Geometry and Measurement,4,4,1,2024-06-19T16:00:41.182000+00:00,2024-07-03T18:32:16.928000+00:00,14,0.0,0.0,8,0,0,0.25
1207338575319394,ACE Ascent Phase III,Design Geometry and Measurement,8,8,1,2024-05-16T17:28:17.870000+00:00,2024-05-16T17:28:52.795000+00:00,0,0.0,0.0,0,0,0,0.12
1207338575319394,ACE Ascent Phase III,Design Leadership IIIa,7,7,1,2024-05-16T17:29:48.085000+00:00,2024-05-16T17:29:58.635000+00:00,0,0.0,0.0,0,0,0,0.14
1207338575319394,ACE Ascent Phase III,Development Geometry and Measurement,3,3,1,2024-07-03T18:31:52.478000+00:00,2024-07-26T14:21:21.117000+00:00,23,0.0,0.0,21,0,0,0.33
1207338575319394,ACE Ascent Phase III,Development Leadership IIIa,3,3,1,2024-07-03T18:34:51.886000+00:00,2024-07-26T14:21:16.093000+00:00,23,0.0,0.0,16,0,0,0.33
1207338575319394,ACE Ascent Phase III,Post-Production Geometry and Measurement,4,4,1,2024-05-16T17:28:34.342000+00:00,2024-07-11T19:37:34.639000+00:00,56,0.0,0.0,6,0,0,0.25
1207338575319394,ACE Ascent Phase III,Post-Production Leadership IIIa,4,4,0,2024-07-03T18:34:08.604000+00:00,2024-07-03T18:34:11.864000+00:00,0,0.0,0.0,6,0,0,0.25
1207338575319394,ACE Ascent Phase III,Pre-Production Geometry and Measurement,6,6,1,2024-05-16T17:28:24.305000+00:00,2024-05-16T17:35:54.079000+00:00,0,0.0,0.0,0,0,0,0.17
1207338575319394,ACE Ascent Phase III,Pre-Production Leadership IIIa,3,3,1,2024-05-16T17:30:01.617000+00:00,2024-05-16T17:30:09.177000+00:00,0,0.0,0.0,4,0,0,0.33
1207338575319394,ACE Ascent Phase III,Production Geometry and Measurement,4,4,1,2024-05-16T17:28:29.724000+00:00,2024-05-16T17:28:33.114000+00:00,0,0.0,0.0,0,0,0,0.25
1208031565604539,ACE Ascent Phase IV,Design Algebra and Function,8,8,1,2024-08-15T19:05:57.271000+00:00,2024-09-06T17:48:03.032000+00:00,22,0.0,0.0,0,0,0,0.12
1208031565604539,ACE Ascent Phase IV,Design Leadership IIIb,7,7,1,2024-08-15T19:07:05.892000+00:00,2024-09-06T17:48:29.406000+00:00,22,0.0,0.0,0,0,0,0.14
1208031565604539,ACE Ascent Phase IV,Development Algebra and Function,3,3,0,2024-11-26T17:39:15.790000+00:00,2024-12-13T15:49:46.407000+00:00,17,420.0,7.0,21,0,0,0.33
1208031565604539,ACE Ascent Phase IV,Development Leadership IIIb,3,3,0,2024-12-13T15:49:52.299000+00:00,2024-12-13T15:49:55.447000+00:00,0,5.0,0.08,16,0,0,0.33
1208031565604539,ACE Ascent Phase IV,Post-Production Leadership IIIb,2,2,0,2024-11-21T14:14:34.731000+00:00,2024-11-21T14:14:44.579000+00:00,0,0.0,0.0,7,0,0,0.5
1208031565604539,ACE Ascent Phase IV,Post-ProductionAlgebra and Function,6,4,2,2024-10-31T16:47:43.141000+00:00,2025-02-10T15:18:04.464000+00:00,102,0.0,0.0,6,0,0,0.17
1208031565604539,ACE Ascent Phase IV,Pre-Production Algebra and Function,6,6,1,2024-09-16T14:22:05.892000+00:00,2024-10-16T11:35:36.282000+00:00,30,0.0,0.0,0,0,0,0.17
1208031565604539,ACE Ascent Phase IV,Pre-Production Leadership IIIb,3,3,0,2024-09-13T16:43:22.470000+00:00,2024-10-10T18:48:22.466000+00:00,27,0.0,0.0,6,0,0,0.33
1208031565604539,ACE Ascent Phase IV,Production Algebra and Function,3,3,1,2024-10-16T11:35:38.868000+00:00,2024-10-17T18:22:26.807000+00:00,1,0.0,0.0,0,0,0,0.33
1208031565604539,ACE Ascent Phase IV,Production Leadership IIIb,3,3,0,2024-10-14T14:01:36.509000+00:00,2024-10-17T18:22:36.779000+00:00,3,0.0,0.0,8,0,0,0.33
1208622917750063,ACE Assessment Course Redesign,Post-Production,11,11,1,2025-02-25T19:46:56.485000+00:00,2025-04-17T20:36:53.034000+00:00,51,920.0,15.33,0,0,0,0.09
1208622917750063,ACE Assessment Course Redesign,Pre-Production,5,5,1,2025-02-04T14:42:53.344000+00:00,2025-02-18T16:10:02.832000+00:00,14,635.0,10.58,5,0,0,0.2
1208622917750063,ACE Assessment Course Redesign,Production,4,4,0,2025-02-18T16:10:35.297000+00:00,2025-02-25T19:46:13.958000+00:00,7,450.0,7.5,0,0,0,0.25
1209018174328538,ACE Assessment Modules Asset Spreadsheet,Untitled section,13,13,0,2025-04-16T17:58:28.497000+00:00,2025-04-16T17:58:37.387000+00:00,0,0.0,0.0,0,0,0,0.08
1211134268245785,ACE Higher Powered Learning (HPL),Analysis,3,3,1,2025-08-25T20:21:06.829000+00:00,2025-12-15T03:10:52.073000+00:00,112,0.0,0.0,0,0,0,0.33
1211134268245785,ACE Higher Powered Learning (HPL),Design,10,8,3,2025-10-30T18:03:38.303000+00:00,2025-12-15T03:11:09.978000+00:00,46,0.0,0.0,0,0,0,0.1
1211134268245785,ACE Higher Powered Learning (HPL),Design Development,5,0,2,,,,0.0,0.0,0,0,0,0.2
1211134268245785,ACE Higher Powered Learning (HPL),Post-Production,1,1,1,2026-01-09T19:32:40.998000+00:00,2026-01-09T19:32:40.998000+00:00,0,300.0,5.0,3,0,0,1.0
1211134268245785,ACE Higher Powered Learning (HPL),Post-Project Evaluation,4,0,1,,,,0.0,0.0,0,0,0,0.25
1211134268245785,ACE Higher Powered Learning (HPL),Pre-Production,4,4,2,2025-10-30T18:03:45.164000+00:00,2025-12-08T04:10:00.368000+00:00,39,300.0,5.0,0,0,0,0.25
1211134268245785,ACE Higher Powered Learning (HPL),Production,2,2,2,2025-11-21T17:02:51.795000+00:00,2025-12-08T04:10:05.771000+00:00,17,960.0,16.0,0,0,0,0.5
1208255134985014,AI R&D Project (Online Pedagogy used as the baseline),Untitled section,6,6,1,2024-10-10T18:49:03.964000+00:00,2025-01-08T20:29:54.033000+00:00,90,0.0,0.0,3,0,0,0.17
1207728646024488,AI Video Series,Video 1: Opening the Dialogue on AI in Education - Ron Metoyer,10,10,1,2024-07-05T15:42:37.441000+00:00,2024-08-02T15:08:10.285000+00:00,28,0.0,0.0,2,0,0,0.1
1207728646024488,AI Video Series,Video 2:  Generative AI Overview - John Behrens,10,10,0,2024-07-05T15:41:26.268000+00:00,2024-07-12T17:42:18.481000+00:00,7,0.0,0.0,0,0,0,0.1
1207728646024488,AI Video Series,Video 3:  Intro to Text to Text Systems - John Behrens,10,10,0,2024-07-05T15:47:08.720000+00:00,2024-07-12T17:42:36.613000+00:00,7,0.0,0.0,0,0,0,0.1
1207728646024488,AI Video Series,Video 4:  Generating Prompts for Text to Text Systems & Demo - John Behrens,6,6,0,2024-07-05T15:48:09.863000+00:00,2024-07-12T17:40:29.918000+00:00,7,0.0,0.0,0,0,0,0.17
1207728646024488,AI Video Series,Video 5:  Navigating AI Tools with Integrity in Academia - Ardea Russo,10,10,2,2024-07-23T15:41:20.547000+00:00,2024-09-09T19:49:08.024000+00:00,48,0.0,0.0,0,0,0,0.1
1207728646024488,AI Video Series,Video 6:  AI Literacy/Preparing Students for an AI Driven Future - Karla Badillo / Roberto Casarez,10,10,1,2024-09-09T19:54:39.294000+00:00,2024-11-04T14:49:31.329000+00:00,56,0.0,0.0,0,0,0,0.1
1207728646024488,AI Video Series,Video 7:  Addressing Writing / AI-assisted Writing,10,10,2,2024-07-18T18:37:16.512000+00:00,2024-08-30T18:48:26.613000+00:00,43,90.0,1.5,0,0,0,0.1
1207728646024488,AI Video Series,Video 8:  Best Practices for Assessment in the Age of AI - Alex Ambrose,10,10,2,2024-08-06T14:52:12.415000+00:00,2024-08-30T18:48:04.764000+00:00,24,90.0,1.5,0,0,0,0.1
1208345374594379,AI Video Series - Alex,Untitled section,10,10,0,2025-02-03T14:28:49.451000+00:00,2025-02-03T14:28:54.884000+00:00,0,0.0,0.0,0,0,0,0.1
1208345374594375,AI Video Series - Ardea,Untitled section,10,10,3,2024-12-02T20:12:34.288000+00:00,2024-12-02T20:12:40.796000+00:00,0,0.0,0.0,0,0,0,0.1
1208345374594366,AI Video Series - John,Untitled section,1,1,0,2025-02-03T14:29:05.191000+00:00,2025-02-03T14:29:05.191000+00:00,0,0.0,0.0,0,0,0,1.0
1208711008179173,AI Video Series - Karla,Untitled section,10,10,1,2024-12-02T19:45:30.841000+00:00,2024-12-02T19:47:31.102000+00:00,0,0.0,0.0,0,0,0,0.1
1209298164735103,AI for the Notre Dame Community,Analysis,3,3,1,2025-02-09T18:45:21.125000+00:00,2025-04-29T17:49:29.129000+00:00,79,0.0,0.0,0,0,0,0.33
1209298164735103,AI for the Notre Dame Community,Design,10,8,2,2025-05-18T18:35:01.932000+00:00,2025-09-29T14:17:30.144000+00:00,134,600.0,10.0,0,0,0,0.1
1209298164735103,AI for the Notre Dame Community,Design Development,11,10,2,2025-09-16T14:28:28.472000+00:00,2025-09-29T14:17:47.427000+00:00,13,5370.0,89.5,0,0,0,0.09
1209298164735103,AI for the Notre Dame Community,PM Time Tracking,41,40,1,2025-02-20T13:30:08.989000+00:00,2025-11-28T14:52:41.816000+00:00,281,9731.0,162.18,0,0,0,0.02
1209298164735103,AI for the Notre Dame Community,Post-Production,3,0,0,,,,7350.0,122.5,0,0,0,0.33
1209298164735103,AI for the Notre Dame Community,Post-Project Evaluation,4,4,1,2025-09-21T18:09:58.733000+00:00,2025-10-07T12:48:29.232000+00:00,16,0.0,0.0,0,0,0,0.25
1209298164735103,AI for the Notre Dame Community,Pre-Production,6,4,2,2025-07-14T17:20:13.647000+00:00,2025-09-29T14:17:25.865000+00:00,77,1440.0,24.0,0,0,0,0.17
1209298164735103,AI for the Notre Dame Community,Production,10,10,1,2025-07-07T23:00:13.079000+00:00,2025-09-29T14:17:04.449000+00:00,84,2430.0,40.5,0,0,0,0.1
1208255134985033,AR Math Visualizer (Summer 2025 Pilot),Untitled section,11,4,2,2024-09-09T02:16:52.081000+00:00,2026-01-14T16:01:09.319000+00:00,492,0.0,0.0,3,0,0,0.09
1207823530772159,AR Math Visualizer (Summer Sprint),Untitled section,2,2,1,2024-07-31T17:59:27.920000+00:00,2024-11-30T21:21:23.461000+00:00,122,0.0,0.0,0,0,0,0.5
1209213189516073,ASCEND Engineering,3B Revamp,10,10,0,2026-01-23T15:11:12.791000+00:00,2026-04-17T14:21:21.135000+00:00,84,0.0,0.0,0,0,0,0.1
1209213189516073,ASCEND Engineering,Analysis,3,3,1,2025-01-28T15:17:12.702000+00:00,2025-12-18T12:15:38.544000+00:00,324,0.0,0.0,0,0,0,0.33
1209213189516073,ASCEND Engineering,Design,10,3,3,2025-01-27T14:14:10.299000+00:00,2025-04-15T18:46:38.084000+00:00,78,0.0,0.0,0,0,0,0.1
1209213189516073,ASCEND Engineering,Design Development,5,1,2,2025-11-19T19:17:53.805000+00:00,2025-11-19T19:17:53.805000+00:00,0,0.0,0.0,0,0,0,0.2
1209213189516073,ASCEND Engineering,Media Timetracking,6,0,1,,,,400.0,6.67,0,0,0,0.17
1209213189516073,ASCEND Engineering,PM Time Tracking,49,49,1,2025-02-04T13:27:16.917000+00:00,2025-12-18T12:15:57.423000+00:00,317,4525.0,75.42,0,0,0,0.02
1209213189516073,ASCEND Engineering,Post-Production,10,9,1,2025-04-15T16:54:10.744000+00:00,2025-06-05T11:47:48.774000+00:00,51,150.0,2.5,0,0,0,0.1
1209213189516073,ASCEND Engineering,Post-Project Evaluation,4,4,1,2025-11-10T13:00:05.540000+00:00,2025-11-19T19:18:08.918000+00:00,9,0.0,0.0,0,0,0,0.25
1209213189516073,ASCEND Engineering,Pre-Production,9,2,3,2025-04-16T17:59:44.421000+00:00,2025-04-16T17:59:55.231000+00:00,0,380.0,6.33,0,0,0,0.11
1209213189516073,ASCEND Engineering,Production,5,4,2,2025-03-27T16:23:17.102000+00:00,2025-04-24T15:45:17.396000+00:00,28,720.0,12.0,0,0,0,0.2
1209213189516064,ASCEND Engineering II,Analysis,4,3,1,2025-01-24T21:39:11.648000+00:00,2025-02-10T13:10:16.988000+00:00,17,210.0,3.5,0,0,0,0.25
1209213189516064,ASCEND Engineering II,Design,10,0,2,,,,0.0,0.0,0,0,0,0.1
1209213189516064,ASCEND Engineering II,Design Development,5,0,1,,,,0.0,0.0,0,0,0,0.2
1209213189516064,ASCEND Engineering II,Post-Production,1,0,0,,,,0.0,0.0,0,0,0,1.0
1209213189516064,ASCEND Engineering II,Post-Project Evaluation,4,0,1,,,,0.0,0.0,0,0,0,0.25
1209213189516064,ASCEND Engineering II,Pre-Production,6,0,1,,,,0.0,0.0,0,0,0,0.17
1209213189516064,ASCEND Engineering II,Production,2,0,1,,,,0.0,0.0,0,0,0,0.5
1212343204566399,ASCEND MCOB,Analysis,4,0,1,,,,0.0,0.0,0,0,0,0.25
1212343204566399,ASCEND MCOB,Design,10,2,3,2026-03-23T17:53:28.808000+00:00,2026-03-23T17:53:40.434000+00:00,0,0.0,0.0,0,0,0,0.1
1212343204566399,ASCEND MCOB,Design Development,5,0,1,,,,0.0,0.0,0,0,0,0.2
1212343204566399,ASCEND MCOB,PM Time Tracking: Lawrence,15,14,2,2025-12-08T19:46:50.212000+00:00,2025-12-26T17:48:05.051000+00:00,18,765.0,12.75,0,0,0,0.07
1212343204566399,ASCEND MCOB,Post-Production,5,3,1,2026-06-08T13:36:46.451000+00:00,2026-06-11T19:06:32.871000+00:00,3,3330.0,55.5,30,0,0,0.2
1212343204566399,ASCEND MCOB,Post-Project Evaluation,4,0,1,,,,0.0,0.0,0,0,0,0.25
1212343204566399,ASCEND MCOB,Pre-Production,5,3,2,2026-04-16T14:47:13.695000+00:00,2026-05-08T14:43:31.563000+00:00,22,1425.0,23.75,0,0,0,0.2
1212343204566399,ASCEND MCOB,Production,2,1,2,2026-06-08T13:36:41.517000+00:00,2026-06-08T13:36:41.517000+00:00,0,60.0,1.0,10,0,0,0.5
1208659811898209,Ascent PDF Graphic,Untitled section,4,4,1,2024-11-04T13:58:03.794000+00:00,2024-11-06T21:01:02.955000+00:00,2,0.0,0.0,0,0,0,0.25
1207278964351685,Asset Spreadsheet Example,Untitled section,1,0,0,,,,0.0,0.0,8,0,0,1.0
1212627165986472,Borgo Laudato Si' videos,Analysis,8,0,0,,,,0.0,0.0,0,0,0,0.12
1212627165986472,Borgo Laudato Si' videos,Media Time Tracking,9,0,1,,,,600.0,10.0,0,0,0,0.11
1212627165986472,Borgo Laudato Si' videos,Post-Production,4,3,0,2026-05-06T12:16:59.821000+00:00,2026-05-06T12:17:06.029000+00:00,0,0.0,0.0,4,0,0,0.25
1212627165986472,Borgo Laudato Si' videos,Post-Project Evaluation,4,0,0,,,,0.0,0.0,0,0,0,0.25
1212627165986472,Borgo Laudato Si' videos,Pre-Production,5,3,0,2026-03-30T11:49:34.696000+00:00,2026-03-30T19:05:32.337000+00:00,0,0.0,0.0,3,0,0,0.2
1212627165986472,Borgo Laudato Si' videos,Production,2,1,0,2026-03-30T19:06:00.254000+00:00,2026-03-30T19:06:00.254000+00:00,0,120.0,2.0,0,0,0,0.5
1211653962736510,Business for Humans | Sheedy Family Program,Analysis,3,1,1,2026-04-29T13:07:44.876000+00:00,2026-04-29T13:07:44.876000+00:00,0,60.0,1.0,0,0,0,0.33
1211653962736510,Business for Humans | Sheedy Family Program,Design,9,7,2,2026-04-29T13:11:23.071000+00:00,2026-04-29T13:11:39.889000+00:00,0,0.0,0.0,0,0,0,0.11
1211653962736510,Business for Humans | Sheedy Family Program,Design Development,5,0,2,,,,0.0,0.0,0,0,0,0.2
1211653962736510,Business for Humans | Sheedy Family Program,Post-Production,2,0,1,,,,540.0,9.0,27,0,0,0.5
1211653962736510,Business for Humans | Sheedy Family Program,Post-Project Evaluation,4,0,1,,,,0.0,0.0,0,0,0,0.25
1211653962736510,Business for Humans | Sheedy Family Program,Pre-Production,8,4,1,2026-03-20T15:27:05.274000+00:00,2026-06-08T13:37:41.785000+00:00,80,1950.0,32.5,0,0,0,0.12
1211653962736510,Business for Humans | Sheedy Family Program,Production,2,1,1,2026-06-08T13:37:51.972000+00:00,2026-06-08T13:37:51.972000+00:00,0,315.0,5.25,6,0,0,0.5
1209417474929053,Business on the Frontlines XR,Content Expansion,5,5,0,2025-04-28T13:51:18.525000+00:00,2025-05-05T13:34:31.590000+00:00,7,0.0,0.0,0,0,0,0.2
1209417474929053,Business on the Frontlines XR,Core Framework,2,2,1,2025-03-10T13:25:02.966000+00:00,2025-03-31T13:28:20.070000+00:00,21,0.0,0.0,7,0,0,0.5
1209417474929053,Business on the Frontlines XR,Core Gameplay Loop,3,2,0,2025-04-07T13:29:41.159000+00:00,2025-04-14T13:20:16.347000+00:00,7,0.0,0.0,0,0,0,0.33
1209417474929053,Business on the Frontlines XR,Milestones,5,3,0,2025-03-03T14:18:52.432000+00:00,2025-05-05T13:34:25.851000+00:00,63,0.0,0.0,0,0,0,0.2
1209417474929053,Business on the Frontlines XR,Polish and QA Testing,3,0,0,,,,0.0,0.0,0,0,0,0.33
1209417474929053,Business on the Frontlines XR,Pre-Production,5,5,1,2025-02-24T14:15:07.126000+00:00,2025-03-03T14:10:10.078000+00:00,7,0.0,0.0,0,0,0,0.2
1211900372320318,C2D: Cybertraining for Chemical Data scientists,Analysis,3,2,1,2026-05-07T15:05:07.381000+00:00,2026-05-07T15:05:07.977000+00:00,0,0.0,0.0,0,0,0,0.33
1211900372320318,C2D: Cybertraining for Chemical Data scientists,Design,9,8,1,2026-05-07T15:05:32.666000+00:00,2026-05-07T15:05:47.406000+00:00,0,0.0,0.0,0,0,0,0.11
1211900372320318,C2D: Cybertraining for Chemical Data scientists,Design Development,6,0,2,,,,0.0,0.0,0,0,0,0.17
1211900372320318,C2D: Cybertraining for Chemical Data scientists,Post-Production,1,0,1,,,,0.0,0.0,4,0,0,1.0
1211900372320318,C2D: Cybertraining for Chemical Data scientists,Post-Project Evaluation,4,0,1,,,,0.0,0.0,0,0,0,0.25
1211900372320318,C2D: Cybertraining for Chemical Data scientists,Pre-Production,6,6,1,2026-05-14T18:22:38.007000+00:00,2026-05-14T18:22:40.784000+00:00,0,990.0,16.5,0,0,0,0.17
1211900372320318,C2D: Cybertraining for Chemical Data scientists,Production,2,2,1,2026-03-20T15:30:32.732000+00:00,2026-05-14T18:21:11.503000+00:00,55,0.0,0.0,3,0,0,0.5
1212638028070139,CIF Video,Analysis,4,4,1,2026-04-29T14:27:36.002000+00:00,2026-04-29T14:28:58.064000+00:00,0,120.0,2.0,0,0,0,0.25
1212638028070139,CIF Video,Post-Production,3,3,2,2026-04-29T14:28:46.532000+00:00,2026-04-29T14:28:50.575000+00:00,0,0.0,0.0,0,0,0,0.33
1212638028070139,CIF Video,Post-Project Evaluation,4,0,1,,,,0.0,0.0,0,0,0,0.25
1212638028070139,CIF Video,Pre-Production,4,4,1,2026-04-29T14:28:02.914000+00:00,2026-04-29T14:28:11.896000+00:00,0,30.0,0.5,0,0,0,0.25
1212638028070139,CIF Video,Production,3,3,1,2026-04-29T14:28:19.782000+00:00,2026-04-29T14:28:51.530000+00:00,0,390.0,6.5,0,0,0,0.33
1212638028070139,CIF Video,Version 2 of Video,3,0,1,,,,0.0,0.0,0,0,0,0.33
1208878713359035,Calc I Summer Online,Analysis,7,7,1,2025-01-19T20:18:35.105000+00:00,2025-02-10T13:09:52.680000+00:00,22,0.0,0.0,0,0,0,0.14
1208878713359035,Calc I Summer Online,Design,14,14,2,2025-05-13T14:40:47.347000+00:00,2025-05-13T14:41:46.407000+00:00,0,0.0,0.0,25,0,0,0.07
1208878713359035,Calc I Summer Online,Launch / Post-Launch,5,4,2,2025-06-29T18:31:04.514000+00:00,2025-07-09T15:57:56.759000+00:00,10,0.0,0.0,0,0,0,0.2
1208878713359035,Calc I Summer Online,PM Time Tracking,22,22,1,2025-02-04T13:28:56.664000+00:00,2025-06-29T18:32:26.817000+00:00,145,850.0,14.17,0,0,0,0.05
1208878713359035,Calc I Summer Online,Post-Production / Design Development,28,3,3,2025-05-21T16:20:12.307000+00:00,2025-06-29T18:32:48.509000+00:00,39,100.0,1.67,3,0,0,0.04
1208878713359035,Calc I Summer Online,Pre-Production,8,3,2,2025-01-24T17:46:12.876000+00:00,2025-05-13T14:41:51.155000+00:00,109,0.0,0.0,6,0,0,0.12
1208878713359035,Calc I Summer Online,Production,1,1,1,2025-05-19T17:59:16.553000+00:00,2025-05-19T17:59:16.553000+00:00,0,0.0,0.0,0,0,0,1.0
1209101623231546,Calc I Summer Online Asset Spreadsheet,Media Assets,76,76,1,2025-06-23T18:12:08.114000+00:00,2025-06-23T18:13:57.364000+00:00,0,0.0,0.0,0,0,0,0.01
1206363761761978,Carbon Neutral,Benchmarking,4,1,0,2024-04-25T15:12:54.982000+00:00,2024-04-25T15:12:54.982000+00:00,0,0.0,0.0,4,0,0,0.25
1206363761761978,Carbon Neutral,"Lesson 1: Terps, Quays, and Green Open Spaces",5,5,2,2024-04-04T14:12:51.097000+00:00,2024-04-25T15:20:36.169000+00:00,21,0.0,0.0,9,0,0,0.2
1206363761761978,Carbon Neutral,Lesson 2: Energy Efficient Design and Construction,5,4,3,2024-02-16T02:13:49.534000+00:00,2024-04-25T15:25:37.792000+00:00,69,0.0,0.0,11,0,0,0.2
1206363761761978,Carbon Neutral,Lesson 3: Sustainable Building Material,5,5,2,2024-03-11T16:11:28.948000+00:00,2024-04-25T15:20:52.022000+00:00,45,0.0,0.0,10,0,0,0.2
1206363761761978,Carbon Neutral,Lesson 4: Efficient and Renewable Energy Supply ,5,4,2,2024-02-16T02:13:56.479000+00:00,2024-04-25T15:26:06.810000+00:00,69,0.0,0.0,13,0,0,0.2
1206363761761978,Carbon Neutral,Lesson 5: Low Carbon Transportation / Diverse Mobility Methods,5,5,3,2024-03-14T12:44:06.290000+00:00,2024-04-25T15:21:09.019000+00:00,42,0.0,0.0,9,0,0,0.2
1206363761761978,Carbon Neutral,Media Pre-Production,3,3,3,2024-02-12T20:04:16.557000+00:00,2024-04-04T14:12:35.736000+00:00,52,0.0,0.0,6,0,0,0.33
1206363761761978,Carbon Neutral,Memory Palace: Interscene Environment,5,5,2,2024-02-08T14:07:41.745000+00:00,2024-04-25T15:13:28.900000+00:00,77,0.0,0.0,15,0,0,0.2
1204789220328740,College BouND,To do,3,2,1,2023-06-08T18:59:11.377000+00:00,2023-06-08T18:59:11.870000+00:00,0,0.0,0.0,0,0,0,0.33
1209111135522151,Commonalities in the Modern Irish and Jewish Experiences,Analysis,3,0,1,,,,0.0,0.0,0,0,0,0.33
1209111135522151,Commonalities in the Modern Irish and Jewish Experiences,Design,4,0,1,,,,0.0,0.0,0,0,0,0.25
1209111135522151,Commonalities in the Modern Irish and Jewish Experiences,Design Development,1,0,1,,,,0.0,0.0,0,0,0,1.0
1209111135522151,Commonalities in the Modern Irish and Jewish Experiences,Post-Production,1,0,1,,,,0.0,0.0,0,0,0,1.0
1209111135522151,Commonalities in the Modern Irish and Jewish Experiences,Post-Project Evaluation,4,0,1,,,,0.0,0.0,0,0,0,0.25
1209111135522151,Commonalities in the Modern Irish and Jewish Experiences,Pre-Production,5,0,1,,,,0.0,0.0,0,0,0,0.2
1209111135522151,Commonalities in the Modern Irish and Jewish Experiences,Production,1,0,1,,,,0.0,0.0,0,0,0,1.0
1208502234940161,Connections Series Handout,Untitled section,4,0,1,,,,0.0,0.0,0,0,0,0.25
1207760971753758,Consultations,Gabriel Reynolds Udemy Course,1,1,1,2024-09-18T18:49:19.757000+00:00,2024-09-18T18:49:19.757000+00:00,0,0.0,0.0,0,0,0,1.0
1207760971753758,Consultations,ITAO Canvas Cidi Labs Templates,3,3,2,2024-07-26T15:21:32.535000+00:00,2024-08-04T01:49:51.005000+00:00,9,0.0,0.0,0,0,0,0.33
1207760971753758,Consultations,Nathaniel,2,2,2,2024-07-24T16:58:16.913000+00:00,2024-07-26T15:28:00.854000+00:00,2,0.0,0.0,0,0,0,0.5
1207760971753758,Consultations,Prof. Chen's NSF Proposal,3,3,2,2024-07-15T14:30:48.921000+00:00,2024-07-18T13:28:14.904000+00:00,3,0.0,0.0,0,0,0,0.33
1207760971753758,Consultations,Prof. Yi-Ting Hsu's Video Creation Needs,2,1,2,2024-08-16T17:17:05.473000+00:00,2024-08-16T17:17:05.473000+00:00,0,0.0,0.0,0,0,0,0.5
1207760971753758,Consultations,Untitled section,1,1,1,2024-09-16T22:18:27.624000+00:00,2024-09-16T22:18:27.624000+00:00,0,0.0,0.0,0,0,0,1.0
1208345374594360,Consultations - Nathaniel,Untitled section,2,2,1,2024-12-02T19:59:19.563000+00:00,2024-12-02T19:59:20.860000+00:00,0,0.0,0.0,0,0,0,0.5
1206006474289122,Creative Asset Feedback & Approval,Approved,1,0,0,,,,0.0,0.0,0,0,0,1.0
1206006474289122,Creative Asset Feedback & Approval,In Production,1,0,0,,,,0.0,0.0,0,0,0,1.0
1206006474289122,Creative Asset Feedback & Approval,In Review,1,0,0,,,,0.0,0.0,0,0,0,1.0
1206006474289122,Creative Asset Feedback & Approval,Template instructions,2,0,0,,,,0.0,0.0,14,0,0,0.5
1204818761552639,DX Course Design,To do,8,0,0,,,,0.0,0.0,0,0,0,0.12
1212660351308233,Designing to Communicate: Strengthening Communication in Engineering Through Real-World Sustainability Contexts,Analysis,3,0,0,,,,0.0,0.0,0,0,0,0.33
1212660351308233,Designing to Communicate: Strengthening Communication in Engineering Through Real-World Sustainability Contexts,Design,10,0,0,,,,0.0,0.0,0,0,0,0.1
1212660351308233,Designing to Communicate: Strengthening Communication in Engineering Through Real-World Sustainability Contexts,Design Development,5,0,0,,,,0.0,0.0,0,0,0,0.2
1212660351308233,Designing to Communicate: Strengthening Communication in Engineering Through Real-World Sustainability Contexts,Post-Production,1,0,0,,,,0.0,0.0,0,0,0,1.0
1212660351308233,Designing to Communicate: Strengthening Communication in Engineering Through Real-World Sustainability Contexts,Post-Project Evaluation,4,0,0,,,,0.0,0.0,0,0,0,0.25
1212660351308233,Designing to Communicate: Strengthening Communication in Engineering Through Real-World Sustainability Contexts,Pre-Production,6,0,0,,,,0.0,0.0,0,0,0,0.17
1212660351308233,Designing to Communicate: Strengthening Communication in Engineering Through Real-World Sustainability Contexts,Production,2,0,0,,,,0.0,0.0,0,0,0,0.5
1211080311286428,Diction App,Analysis,3,0,0,,,,0.0,0.0,0,0,0,0.33
1211080311286428,Diction App,Design,10,0,0,,,,0.0,0.0,0,0,0,0.1
1211080311286428,Diction App,Design Development,5,0,0,,,,0.0,0.0,0,0,0,0.2
1211080311286428,Diction App,Post-Production,1,0,0,,,,0.0,0.0,0,0,0,1.0
1211080311286428,Diction App,Post-Project Evaluation,4,0,0,,,,0.0,0.0,0,0,0,0.25
1211080311286428,Diction App,Pre-Production,6,0,0,,,,0.0,0.0,0,0,0,0.17
1211080311286428,Diction App,Production,2,0,0,,,,0.0,0.0,0,0,0,0.5
1213393701257435,Digital Accessibility,Accessibility Docs,3,3,0,2026-03-16T14:26:22.769000+00:00,2026-05-28T04:07:35.849000+00:00,73,0.0,0.0,0,0,0,0.33
1207942229848234,Digital Learning Task Force,Circulation,1,0,0,,,,0.0,0.0,0,0,0,1.0
1207942229848234,Digital Learning Task Force,Data Synthesis,2,0,1,,,,0.0,0.0,0,0,0,0.5
1207942229848234,Digital Learning Task Force,Final Surveys,7,6,0,2024-09-06T13:50:01.378000+00:00,2024-11-15T13:42:18.964000+00:00,70,0.0,0.0,0,0,0,0.14
1207942229848234,Digital Learning Task Force,Writing,4,1,0,2024-09-20T14:33:07.447000+00:00,2024-09-20T14:33:07.447000+00:00,0,0.0,0.0,0,0,0,0.25
1208021370104202,Digital Transformations in Higher Education Redesign,Design,1,0,0,,,,0.0,0.0,0,0,0,1.0
1209484413612062,ECG Videos,Analysis,3,0,1,,,,0.0,0.0,0,0,0,0.33
1209484413612062,ECG Videos,Design,10,0,1,,,,0.0,0.0,0,0,0,0.1
1209484413612062,ECG Videos,Design Development,5,0,1,,,,0.0,0.0,0,0,0,0.2
1209484413612062,ECG Videos,PM Time Tracking,2,2,1,2025-03-03T13:17:54.284000+00:00,2025-03-14T12:46:51.819000+00:00,11,25.0,0.42,0,0,0,0.5
1209484413612062,ECG Videos,Post-Production,1,0,0,,,,0.0,0.0,0,0,0,1.0
1209484413612062,ECG Videos,Post-Project Evaluation,4,0,1,,,,0.0,0.0,0,0,0,0.25
1209484413612062,ECG Videos,Pre-Production,6,0,0,,,,0.0,0.0,0,0,0,0.17
1209484413612062,ECG Videos,Production,2,0,0,,,,0.0,0.0,0,0,0,0.5
1207817115500015,EIH Lab Video Series ,Video 1: Safety Walkthrough,10,10,2,2024-07-25T02:44:18.792000+00:00,2024-09-30T13:18:21.631000+00:00,67,2640.0,44.0,3,0,0,0.1
1207817115500015,EIH Lab Video Series ,Video 2: Bandsaw,10,10,2,2024-07-25T02:47:57.257000+00:00,2024-09-27T14:59:33.859000+00:00,64,480.0,8.0,3,0,0,0.1
1207817115500015,EIH Lab Video Series ,Video 3: Drill Press,10,10,2,2024-07-25T02:47:58.695000+00:00,2024-10-01T14:47:31.024000+00:00,68,600.0,10.0,3,0,0,0.1
1207817115500015,EIH Lab Video Series ,Video 4:  Belt & Disc Sander,10,1,0,2024-10-23T13:13:39.114000+00:00,2024-10-23T13:13:39.114000+00:00,0,60.0,1.0,0,0,0,0.1
1207817115500015,EIH Lab Video Series ,Video 5: Scheduling,10,1,0,2024-10-25T12:05:38.802000+00:00,2024-10-25T12:05:38.802000+00:00,0,120.0,2.0,0,0,0,0.1
1207817115500015,EIH Lab Video Series ,Video 6: Hand & Power Tools,10,0,0,,,,0.0,0.0,0,0,0,0.1
1207817115500019,Equity XR ,Post-Production,9,9,1,2024-10-07T14:01:32.702000+00:00,2025-01-10T18:56:20.787000+00:00,95,0.0,0.0,0,0,0,0.11
1207817115500019,Equity XR ,Workshops,4,4,0,2025-03-21T17:25:55.230000+00:00,2025-04-02T16:44:01.886000+00:00,12,360.0,6.0,0,0,0,0.25
1207906802350226,FA Faculty Workshop Series,Phase 1: Planning,3,3,1,2024-08-02T17:17:19.626000+00:00,2024-08-23T16:02:30.528000+00:00,21,0.0,0.0,3,0,0,0.33
1207906802350226,FA Faculty Workshop Series,Phase 2: Content Development,5,4,3,2024-09-06T17:50:57.075000+00:00,2024-11-08T17:46:59.818000+00:00,63,0.0,0.0,0,0,0,0.2
1213596603291607,FA27 | Christmyer \\ Becoming Women of the Way,Christmyer Ad,2,0,1,,,,0.0,0.0,0,0,0,0.5
1213596603291607,FA27 | Christmyer \\ Becoming Women of the Way,Christmyer Author Bio,7,0,3,,,,0.0,0.0,0,0,0,0.14
1213596603291607,FA27 | Christmyer \\ Becoming Women of the Way,Christmyer Author Mailings,6,0,3,,,,0.0,0.0,0,0,0,0.17
1213596603291607,FA27 | Christmyer \\ Becoming Women of the Way,Christmyer Back Cover Copy & Interior Endorsements,7,0,4,,,,0.0,0.0,0,0,0,0.14
1213596603291607,FA27 | Christmyer \\ Becoming Women of the Way,Christmyer Book Description,11,0,6,,,,0.0,0.0,0,0,0,0.09
1213596603291607,FA27 | Christmyer \\ Becoming Women of the Way,Christmyer CIP,1,0,0,,,,0.0,0.0,0,0,0,1.0
1213596603291607,FA27 | Christmyer \\ Becoming Women of the Way,Christmyer Copyediting,5,0,0,,,,0.0,0.0,0,0,0,0.2
1213596603291607,FA27 | Christmyer \\ Becoming Women of the Way,Christmyer Endorsements,3,0,2,,,,0.0,0.0,0,0,0,0.33
1213596603291607,FA27 | Christmyer \\ Becoming Women of the Way,Christmyer First Proofs,8,0,1,,,,0.0,0.0,0,0,0,0.12
1213596603291607,FA27 | Christmyer \\ Becoming Women of the Way,Christmyer Front Cover,28,0,6,,,,0.0,0.0,0,0,0,0.04
1213596603291607,FA27 | Christmyer \\ Becoming Women of the Way,Christmyer Full Cover,12,0,5,,,,0.0,0.0,0,0,0,0.08
1213596603291607,FA27 | Christmyer \\ Becoming Women of the Way,Christmyer Imprimatur,1,0,1,,,,0.0,0.0,0,0,0,1.0
1213596603291607,FA27 | Christmyer \\ Becoming Women of the Way,Christmyer Launch,1,0,0,,,,0.0,0.0,0,0,0,1.0
1213596603291607,FA27 | Christmyer \\ Becoming Women of the Way,Christmyer Manuscript,3,0,1,,,,0.0,0.0,0,0,0,0.33
1213596603291607,FA27 | Christmyer \\ Becoming Women of the Way,Christmyer PO,11,0,5,,,,0.0,0.0,0,0,0,0.09
1213596603291607,FA27 | Christmyer \\ Becoming Women of the Way,Christmyer Prepare for Production,1,0,0,,,,0.0,0.0,0,0,0,1.0
1213596603291607,FA27 | Christmyer \\ Becoming Women of the Way,Christmyer Printing,10,0,6,,,,0.0,0.0,0,0,0,0.1
1213596603291607,FA27 | Christmyer \\ Becoming Women of the Way,Christmyer Sage,1,0,1,,,,0.0,0.0,0,0,0,1.0
1213596603291607,FA27 | Christmyer \\ Becoming Women of the Way,Christmyer Second Proofs,3,0,0,,,,0.0,0.0,0,0,0,0.33
1213596603291607,FA27 | Christmyer \\ Becoming Women of the Way,Christmyer Third Proofs,5,0,1,,,,0.0,0.0,0,0,0,0.2
1213596603291607,FA27 | Christmyer \\ Becoming Women of the Way,Christmyer Title,2,0,1,,,,0.0,0.0,0,0,0,0.5
1213596603291607,FA27 | Christmyer \\ Becoming Women of the Way,Christmyer ePub,4,0,1,,,,0.0,0.0,0,0,0,0.25
1213596603291607,FA27 | Christmyer \\ Becoming Women of the Way,Leader's Guide,14,0,5,,,,0.0,0.0,0,0,0,0.07
1213596603291607,FA27 | Christmyer \\ Becoming Women of the Way,Video,19,0,2,,,,0.0,0.0,0,0,0,0.11
1215383370815292,FA27 | Tooke \\ Grit for the Kingdom,Ad,2,0,1,,,,0.0,0.0,0,0,0,0.5
1215383370815292,FA27 | Tooke \\ Grit for the Kingdom,Author Bio,7,0,3,,,,0.0,0.0,0,0,0,0.14
1215383370815292,FA27 | Tooke \\ Grit for the Kingdom,Author Mailings,1,0,1,,,,0.0,0.0,0,0,0,1.0
1215383370815292,FA27 | Tooke \\ Grit for the Kingdom,Back Cover Copy & Interior Endorsements,7,0,4,,,,0.0,0.0,0,0,0,0.14
1215383370815292,FA27 | Tooke \\ Grit for the Kingdom,Book Description,11,0,5,,,,0.0,0.0,0,0,0,0.09
1215383370815292,FA27 | Tooke \\ Grit for the Kingdom,CIP,1,0,0,,,,0.0,0.0,0,0,0,1.0
1215383370815292,FA27 | Tooke \\ Grit for the Kingdom,Copyediting,5,0,0,,,,0.0,0.0,0,0,0,0.2
1215383370815292,FA27 | Tooke \\ Grit for the Kingdom,Endorsements,4,0,1,,,,0.0,0.0,0,0,0,0.25
1215383370815292,FA27 | Tooke \\ Grit for the Kingdom,First Proofs,6,0,1,,,,0.0,0.0,0,0,0,0.17
1215383370815292,FA27 | Tooke \\ Grit for the Kingdom,Front Cover,26,0,5,,,,0.0,0.0,0,0,0,0.04
1215383370815292,FA27 | Tooke \\ Grit for the Kingdom,Full Cover,12,0,5,,,,0.0,0.0,0,0,0,0.08
1215383370815292,FA27 | Tooke \\ Grit for the Kingdom,Imprimatur,1,0,0,,,,0.0,0.0,0,0,0,1.0
1215383370815292,FA27 | Tooke \\ Grit for the Kingdom,Launch,1,0,0,,,,0.0,0.0,0,0,0,1.0
1215383370815292,FA27 | Tooke \\ Grit for the Kingdom,Leader's Guide,14,0,4,,,,0.0,0.0,0,0,0,0.07
1215383370815292,FA27 | Tooke \\ Grit for the Kingdom,Manuscript,3,0,0,,,,0.0,0.0,0,0,0,0.33
1215383370815292,FA27 | Tooke \\ Grit for the Kingdom,PO,11,0,5,,,,0.0,0.0,0,0,0,0.09
1215383370815292,FA27 | Tooke \\ Grit for the Kingdom,Prepare for Production,1,0,0,,,,0.0,0.0,0,0,0,1.0
1215383370815292,FA27 | Tooke \\ Grit for the Kingdom,Printing,10,0,6,,,,0.0,0.0,0,0,0,0.1
1215383370815292,FA27 | Tooke \\ Grit for the Kingdom,Sage,1,0,1,,,,0.0,0.0,0,0,0,1.0
1215383370815292,FA27 | Tooke \\ Grit for the Kingdom,Second Proofs,3,0,0,,,,0.0,0.0,0,0,0,0.33
1215383370815292,FA27 | Tooke \\ Grit for the Kingdom,Third Proofs,5,0,1,,,,0.0,0.0,0,0,0,0.2
1215383370815292,FA27 | Tooke \\ Grit for the Kingdom,Title,2,0,0,,,,0.0,0.0,0,0,0,0.5
1215383370815292,FA27 | Tooke \\ Grit for the Kingdom,Video,19,0,2,,,,0.0,0.0,0,0,0,0.05
1215383370815292,FA27 | Tooke \\ Grit for the Kingdom,ePub,4,0,1,,,,0.0,0.0,0,0,0,0.25
1208031566113859,FCTA - Calculus I,Goal development,2,1,0,2025-07-11T14:23:44.874000+00:00,2025-07-11T14:23:44.874000+00:00,0,165.0,2.75,0,0,0,0.5
1208031566113859,FCTA - Calculus I,Media,5,0,0,,,,0.0,0.0,0,0,0,0.2
1208031566113859,FCTA - Calculus I,Planning Phase,4,4,1,2024-09-06T13:51:31.880000+00:00,2025-07-11T14:22:16.849000+00:00,308,0.0,0.0,0,0,0,0.25
1207760971753716,FCTA - Physics I,Design,3,2,2,2025-11-10T14:42:17.590000+00:00,2026-01-07T20:45:52.178000+00:00,58,210.0,3.5,1,0,0,0.33
1207760971753716,FCTA - Physics I,Post Project Evaluation,4,0,0,,,,0.0,0.0,0,0,0,0.25
1207760971753716,FCTA - Physics I,Post-Production,5,2,3,2025-12-11T15:35:57.079000+00:00,2026-01-07T20:46:07.377000+00:00,27,300.0,5.0,11,0,0,0.2
1207760971753716,FCTA - Physics I,Pre-Production,7,4,2,2025-08-28T17:16:50.375000+00:00,2025-11-07T17:27:02.345000+00:00,71,640.0,10.67,1,0,0,0.14
1207760971753716,FCTA - Physics I,Production,3,2,1,2025-08-24T21:31:59.570000+00:00,2026-01-07T20:45:58.977000+00:00,136,600.0,10.0,11,0,0,0.33
1207760971753716,FCTA - Physics I,Testimonials,1,0,0,,,,765.0,12.75,0,0,0,1.0
1213077276586762,FCTA - Physics II,Design,3,2,0,2026-02-02T03:52:44.093000+00:00,2026-02-02T03:52:44.653000+00:00,0,0.0,0.0,1,0,0,0.33
1213077276586762,FCTA - Physics II,Post Project Evaluation,4,0,0,,,,0.0,0.0,0,0,0,0.25
1213077276586762,FCTA - Physics II,Post-Production,5,2,0,2026-02-02T03:52:49.415000+00:00,2026-02-02T03:52:49.939000+00:00,0,0.0,0.0,11,0,0,0.2
1213077276586762,FCTA - Physics II,Pre-Production,7,4,0,2026-02-02T03:52:45.632000+00:00,2026-02-02T03:52:46.870000+00:00,0,0.0,0.0,1,0,0,0.14
1213077276586762,FCTA - Physics II,Production,3,2,0,2026-02-02T03:52:47.797000+00:00,2026-02-02T03:52:48.617000+00:00,0,0.0,0.0,11,0,0,0.33
1208712699269092,FINS (Research Video),Post Production,2,1,0,2025-04-02T16:44:13.294000+00:00,2025-04-02T16:44:13.294000+00:00,0,0.0,0.0,0,0,0,0.5
1208712699269092,FINS (Research Video),Production,3,3,0,2025-03-24T16:34:36.536000+00:00,2025-06-11T15:51:49.228000+00:00,79,0.0,0.0,0,0,0,0.33
1207816481565083,Gen Chem Intro Video ,Delivery,1,1,1,2024-08-21T15:57:16.345000+00:00,2024-08-21T15:57:16.345000+00:00,0,0.0,0.0,0,0,0,1.0
1207816481565083,Gen Chem Intro Video ,Post-Production,4,4,1,2024-08-09T17:55:09.003000+00:00,2024-08-21T15:57:14.260000+00:00,12,720.0,12.0,0,0,0,0.25
1207816481565083,Gen Chem Intro Video ,Pre-Production,3,3,1,2024-08-07T18:33:19.789000+00:00,2024-08-09T19:19:54.545000+00:00,2,0.0,0.0,4,0,0,0.33
1207816481565083,Gen Chem Intro Video ,Production,2,2,1,2024-08-07T18:33:36.236000+00:00,2024-08-09T19:19:34.826000+00:00,2,90.0,1.5,0,0,0,0.5
1211900373500710,I CAN HELP Learning Modules,Analysis,3,2,1,2025-11-16T19:20:12.218000+00:00,2025-12-08T00:30:29.674000+00:00,22,0.0,0.0,0,0,0,0.33
1211900373500710,I CAN HELP Learning Modules,Design,7,5,2,2025-12-01T16:12:38.511000+00:00,2026-01-22T20:42:31.037000+00:00,52,360.0,6.0,0,0,0,0.14
1211900373500710,I CAN HELP Learning Modules,Design Development,4,0,0,,,,0.0,0.0,0,0,0,0.25
1211900373500710,I CAN HELP Learning Modules,Post-Project Evaluation,4,0,0,,,,0.0,0.0,0,0,0,0.25
1211900373500710,I CAN HELP Learning Modules,Pre-Production,1,0,0,,,,0.0,0.0,0,0,0,1.0
1211900373500710,I CAN HELP Learning Modules,Untitled section,2,2,2,2025-10-16T17:28:24.775000+00:00,2025-10-16T17:41:20.406000+00:00,0,0.0,0.0,0,0,0,0.5
1211592424221769,Impact Tracker,Untitled section,144,0,0,,,,0.0,0.0,0,0,0,0.01
1207817115500023,Innovation and Design Thinking XR,Post Production,9,9,0,2024-08-22T18:05:06.425000+00:00,2024-10-07T17:38:34+00:00,46,0.0,0.0,0,0,0,0.11
1207817115500023,Innovation and Design Thinking XR,Regroup,2,2,1,2024-08-14T23:21:26.008000+00:00,2024-08-15T20:09:54.212000+00:00,1,0.0,0.0,0,0,0,0.5
1207817115500023,Innovation and Design Thinking XR,Untitled section,1,1,1,2024-10-04T13:35:16.429000+00:00,2024-10-04T13:35:16.429000+00:00,0,0.0,0.0,0,0,0,1.0
1209419538333955,Insect Podcast Consult,Analysis,1,1,1,2025-02-19T15:54:04.769000+00:00,2025-02-19T15:54:04.769000+00:00,0,0.0,0.0,0,0,0,1.0
1209419538333955,Insect Podcast Consult,Design,2,0,1,,,,0.0,0.0,0,0,0,0.5
1209419538333955,Insect Podcast Consult,Design Development,1,0,1,,,,0.0,0.0,0,0,0,1.0
1209419538333955,Insect Podcast Consult,PM Time Tracking,8,8,1,2025-02-19T16:18:41.112000+00:00,2025-04-05T19:45:17.666000+00:00,45,310.0,5.17,0,0,0,0.12
1209419538333955,Insect Podcast Consult,Post-Production,2,2,1,2025-03-27T16:21:02.329000+00:00,2025-03-27T16:21:03.114000+00:00,0,0.0,0.0,0,0,0,0.5
1209419538333955,Insect Podcast Consult,Post-Project Evaluation,4,0,1,,,,0.0,0.0,0,0,0,0.25
1209419538333955,Insect Podcast Consult,Pre-Production,5,0,1,,,,0.0,0.0,0,0,0,0.2
1209419538333955,Insect Podcast Consult,Production,2,2,1,2025-03-27T16:21:00.189000+00:00,2025-03-27T16:21:00.816000+00:00,0,0.0,0.0,0,0,0,0.5
1210951195644528,LD Projects,AI Working Group,18,18,1,2025-08-01T17:32:41.248000+00:00,2026-01-15T15:42:39.087000+00:00,167,0.0,0.0,63,0,0,0.06
1211489930659695,MS-ACMS Faculty Videos,Analysis,3,3,1,2025-09-29T02:31:02.282000+00:00,2025-11-17T01:26:30.150000+00:00,49,0.0,0.0,0,0,0,0.33
1211489930659695,MS-ACMS Faculty Videos,Post-Production,6,6,1,2025-11-14T18:05:56.799000+00:00,2025-12-08T14:29:18.291000+00:00,24,0.0,0.0,4,0,0,0.17
1211489930659695,MS-ACMS Faculty Videos,Post-Project Evaluation,4,4,1,2025-12-08T14:29:21.553000+00:00,2025-12-15T02:20:35.512000+00:00,7,0.0,0.0,0,0,0,0.25
1211489930659695,MS-ACMS Faculty Videos,Pre-Production,7,7,1,2025-10-17T13:52:42.998000+00:00,2025-12-08T04:11:29.005000+00:00,52,0.0,0.0,0,0,0,0.14
1211489930659695,MS-ACMS Faculty Videos,Production,1,1,1,2025-11-25T15:16:09.569000+00:00,2025-11-25T15:16:09.569000+00:00,0,300.0,5.0,7,0,0,1.0
1211489930659695,MS-ACMS Faculty Videos,Untitled section,4,4,2,2025-12-08T04:11:16.827000+00:00,2025-12-08T14:36:35.916000+00:00,0,0.0,0.0,0,0,0,0.25
1208014741125322,MSAN,Analysis,15,15,4,2024-08-09T21:00:52.095000+00:00,2025-08-18T20:20:45.594000+00:00,374,0.0,0.0,0,0,0,0.07
1208014741125322,MSAN,Design,17,17,2,2024-08-15T15:02:57.970000+00:00,2025-01-29T19:51:47.290000+00:00,167,0.0,0.0,34,0,0,0.06
1208014741125322,MSAN,Design Development,6,6,2,2025-03-10T19:49:49.884000+00:00,2025-08-18T20:24:29.083000+00:00,161,90.0,1.5,4,0,0,0.17
1208014741125322,MSAN,Launch / Post-Launch,5,5,0,2025-08-18T20:24:16.177000+00:00,2025-08-18T20:24:19.804000+00:00,0,0.0,0.0,0,0,0,0.2
1208014741125322,MSAN,Post-Production / Design Development,5,5,2,2025-02-17T19:09:22.866000+00:00,2025-03-10T19:49:45.160000+00:00,21,390.0,6.5,2,0,0,0.2
1208014741125322,MSAN,Pre-Production,9,9,2,2024-09-18T18:41:58.763000+00:00,2024-11-13T18:29:27.099000+00:00,56,0.0,0.0,6,0,0,0.11
1208014741125322,MSAN,Production,3,3,2,2025-01-24T16:38:17.280000+00:00,2025-02-18T14:13:02.936000+00:00,25,0.0,0.0,4,0,0,0.33
1208344673489500,MSAN Asset Spreadsheet,Untitled section,27,27,2,2025-01-23T19:31:13.328000+00:00,2025-04-28T01:06:22.432000+00:00,95,907.0,15.12,138,0,0,0.04
1208335647365608,MSAN II,Analysis,6,6,1,2024-10-25T12:41:21.984000+00:00,2025-01-27T03:45:03.557000+00:00,94,0.0,0.0,0,0,0,0.17
1208335647365608,MSAN II,Design,8,8,3,2024-12-09T05:04:30.113000+00:00,2025-03-25T12:41:16.025000+00:00,106,435.0,7.25,2,0,0,0.12
1208335647365608,MSAN II,Design Development,6,1,2,2025-07-10T16:24:43.673000+00:00,2025-07-10T16:24:43.673000+00:00,0,60.0,1.0,23,0,0,0.17
1208335647365608,MSAN II,Launch / Post-Launch,5,0,0,,,,0.0,0.0,0,0,0,0.2
1208335647365608,MSAN II,Post-Production / Design Development,5,4,2,2025-08-15T15:02:49.127000+00:00,2025-08-15T15:03:20.977000+00:00,0,960.0,16.0,9,0,0,0.2
1208335647365608,MSAN II,Pre-Production,6,5,2,2025-02-06T20:53:02.388000+00:00,2025-06-23T20:11:51.853000+00:00,137,410.0,6.83,1,0,0,0.17
1208335647365608,MSAN II,Production,4,2,3,2025-07-14T17:23:21.164000+00:00,2025-08-15T15:03:41.167000+00:00,32,2400.0,40.0,0,0,0,0.25
1214795652576790,Maximizing Mendoza,Analysis,3,0,0,,,,0.0,0.0,0,0,0,0.33
1214795652576790,Maximizing Mendoza,Design,9,0,1,,,,150.0,2.5,0,0,0,0.11
1214795652576790,Maximizing Mendoza,Design Development,5,0,0,,,,0.0,0.0,0,0,0,0.2
1214795652576790,Maximizing Mendoza,Meetings,2,0,0,,,,240.0,4.0,0,0,0,0.5
1214795652576790,Maximizing Mendoza,Post-Production,1,0,0,,,,0.0,0.0,0,0,0,1.0
1214795652576790,Maximizing Mendoza,Post-Project Evaluation,4,0,0,,,,0.0,0.0,0,0,0,0.25
1214795652576790,Maximizing Mendoza,Pre-Production,6,0,0,,,,0.0,0.0,0,0,0,0.17
1214795652576790,Maximizing Mendoza,Production,2,0,0,,,,0.0,0.0,0,0,0,0.5
1214795652576790,Maximizing Mendoza,Untitled section,4,4,4,2026-05-13T19:45:12.130000+00:00,2026-05-13T19:45:19.500000+00:00,0,0.0,0.0,0,0,0,0.25
1213478777903328,Media Studio Sessions,Untitled section,1,0,0,,,,555.0,9.25,0,0,0,1.0
1208335646825701,Michael's PM Tasks,AI Working Group,2,0,0,,,,0.0,0.0,0,0,0,0.5
1208335646825701,Michael's PM Tasks,Asana Tasks,7,1,0,2024-09-18T00:43:04.176000+00:00,2024-09-18T00:43:04.176000+00:00,0,165.0,2.75,0,0,0,0.14
1208335646825701,Michael's PM Tasks,Assorted PM tasks,5,0,0,,,,0.0,0.0,0,0,0,0.2
1208335646825701,Michael's PM Tasks,Learning Analytics Working Group,6,5,0,2024-09-18T00:42:29.976000+00:00,2024-09-18T00:42:35.148000+00:00,0,0.0,0.0,0,0,0,0.17
1208335646825701,Michael's PM Tasks,Project Tasks,7,1,0,2024-09-18T00:41:20.486000+00:00,2024-09-18T00:41:20.486000+00:00,0,0.0,0.0,8,0,0,0.14
1207833209424691,Military Testimonial,Launch / Evaluation,4,4,0,2024-08-16T19:30:27.531000+00:00,2024-10-14T13:36:18.173000+00:00,59,0.0,0.0,0,0,0,0.25
1207833209424691,Military Testimonial,Post-Production,5,5,1,2024-07-29T15:13:07.706000+00:00,2024-08-23T18:16:54.973000+00:00,25,0.0,0.0,0,0,0,0.2
1209803738475381,Multimedia Writing and Rhetoric,Analysis,7,1,1,2025-03-26T19:18:04.646000+00:00,2025-03-26T19:18:04.646000+00:00,0,0.0,0.0,0,0,0,0.14
1209897970646083,Multimedia Writing and Rhetoric,Analysis,3,3,1,2025-06-23T18:23:06.656000+00:00,2025-06-23T20:03:29.764000+00:00,0,0.0,0.0,0,0,0,0.33
1209803738475381,Multimedia Writing and Rhetoric,Post-Production,3,0,1,,,,0.0,0.0,0,0,0,0.33
1209897970646083,Multimedia Writing and Rhetoric,Post-Production,8,8,1,2025-06-11T15:47:40.922000+00:00,2025-06-27T11:22:54.594000+00:00,16,0.0,0.0,0,0,0,0.12
1209803738475381,Multimedia Writing and Rhetoric,Post-Project Evaluation,4,0,0,,,,0.0,0.0,0,0,0,0.25
1209897970646083,Multimedia Writing and Rhetoric,Post-Project Evaluation,4,0,0,,,,0.0,0.0,0,0,0,0.25
1209803738475381,Multimedia Writing and Rhetoric,Pre-Production,6,0,1,,,,0.0,0.0,0,0,0,0.17
1209897970646083,Multimedia Writing and Rhetoric,Pre-Production,5,5,1,2025-06-23T20:11:16.770000+00:00,2025-06-23T20:11:25.713000+00:00,0,75.0,1.25,5,0,0,0.2
1209803738475381,Multimedia Writing and Rhetoric,Production,3,0,1,,,,0.0,0.0,0,0,0,0.33
1209897970646083,Multimedia Writing and Rhetoric,Production,1,1,1,2025-06-09T14:08:26.682000+00:00,2025-06-09T14:08:26.682000+00:00,0,0.0,0.0,0,0,0,1.0
1207907772727914,ND Elevate Updates,Canvas Build,5,5,0,2024-12-20T15:12:05.403000+00:00,2025-03-10T02:24:48.826000+00:00,80,0.0,0.0,0,0,0,0.2
1207907772727914,ND Elevate Updates,Graphics,3,3,1,2024-11-15T14:53:33.415000+00:00,2024-11-15T14:53:41.279000+00:00,0,0.0,0.0,0,0,0,0.33
1207907772727914,ND Elevate Updates,Untitled section,3,3,1,2024-09-27T15:51:22.798000+00:00,2024-11-04T16:56:53.293000+00:00,38,0.0,0.0,0,0,0,0.33
1207907772727914,ND Elevate Updates,Videos,7,7,0,2024-11-04T17:02:55.424000+00:00,2025-02-14T21:12:23.410000+00:00,102,1940.0,32.33,21,0,0,0.14
1211654114707733,ND-IBM Tech Ethics Lab Video Content Development,Analysis,8,0,0,,,,0.0,0.0,0,0,0,0.12
1211654114707733,ND-IBM Tech Ethics Lab Video Content Development,Post-Production,3,0,0,,,,0.0,0.0,0,0,0,0.33
1211654114707733,ND-IBM Tech Ethics Lab Video Content Development,Post-Project Evaluation,4,0,0,,,,0.0,0.0,0,0,0,0.25
1211654114707733,ND-IBM Tech Ethics Lab Video Content Development,Pre-Production,6,0,0,,,,0.0,0.0,0,0,0,0.17
1211654114707733,ND-IBM Tech Ethics Lab Video Content Development,Production,3,0,0,,,,0.0,0.0,0,0,0,0.33
1211654114707733,ND-IBM Tech Ethics Lab Video Content Development,Untitled section,4,3,4,2025-10-06T16:46:25.210000+00:00,2025-10-14T17:23:16.591000+00:00,8,0.0,0.0,0,0,0,0.25
1207760971753720,NDIAS Teaching Fellows - Global Catholicism,Untitled section,1,1,0,2025-02-03T14:28:43.527000+00:00,2025-02-03T14:28:43.527000+00:00,0,0.0,0.0,0,0,0,1.0
1207871566050072,NDL Project Tracking & Awareness,Consultations,16,16,1,2025-08-07T19:52:06.546000+00:00,2026-06-18T18:49:22.207000+00:00,315,0.0,0.0,0,0,0,0.06
1207871566050072,NDL Project Tracking & Awareness,Create Project - Fast Tracked,1,1,1,2025-08-16T19:40:18.715000+00:00,2025-08-16T19:40:18.715000+00:00,0,0.0,0.0,0,0,0,1.0
1207871566050072,NDL Project Tracking & Awareness,Create Project - Kaneb Center,1,1,1,2025-08-06T15:26:19.092000+00:00,2025-08-06T15:26:19.092000+00:00,0,0.0,0.0,0,0,0,1.0
1207871566050072,NDL Project Tracking & Awareness,Create project - LAITL,8,8,1,2025-08-25T15:28:39.393000+00:00,2026-03-19T13:23:03.603000+00:00,206,0.0,0.0,0,0,0,0.12
1207871566050072,NDL Project Tracking & Awareness,On Hold,3,0,1,,,,0.0,0.0,0,0,0,0.33
1207871566050072,NDL Project Tracking & Awareness,Reached out - No response,2,2,1,2025-09-15T18:28:25.518000+00:00,2025-09-16T18:37:55.991000+00:00,1,0.0,0.0,0,0,0,0.5
1207871566050072,NDL Project Tracking & Awareness,Received Requests - Triage Needed,3,0,1,,,,0.0,0.0,0,0,0,0.33
1207871566050072,NDL Project Tracking & Awareness,Resolved,7,7,2,2025-09-04T19:21:27.764000+00:00,2026-04-27T18:10:48.781000+00:00,235,0.0,0.0,0,0,0,0.14
1213292120696339,NEON - POLS 30022 (Poly Sci),Analysis,3,0,1,,,,0.0,0.0,0,0,0,0.33
1213292120696339,NEON - POLS 30022 (Poly Sci),Design,13,1,2,2026-03-06T17:44:06.133000+00:00,2026-03-06T17:44:06.133000+00:00,0,600.0,10.0,0,0,0,0.08
1213292120696339,NEON - POLS 30022 (Poly Sci),Design Development,6,0,2,,,,0.0,0.0,0,0,0,0.17
1213292120696339,NEON - POLS 30022 (Poly Sci),Media Timetracking,15,0,0,,,,1305.0,21.75,0,0,0,0.07
1213292120696339,NEON - POLS 30022 (Poly Sci),Post-Production,3,0,0,,,,0.0,0.0,0,0,0,0.33
1213292120696339,NEON - POLS 30022 (Poly Sci),Post-Project Evaluation,5,0,1,,,,0.0,0.0,0,0,0,0.2
1213292120696339,NEON - POLS 30022 (Poly Sci),Pre-Production,9,0,1,,,,120.0,2.0,0,0,0,0.11
1213292120696339,NEON - POLS 30022 (Poly Sci),Production,7,0,1,,,,0.0,0.0,3,0,0,0.14
1213292120696334,NEON - R&E AI,Analysis,3,0,1,,,,0.0,0.0,0,0,0,0.33
1213292120696334,NEON - R&E AI,Design,8,3,2,2026-03-06T17:46:04.303000+00:00,2026-03-06T17:46:06.609000+00:00,0,0.0,0.0,0,0,0,0.12
1213292120696334,NEON - R&E AI,Design Development,5,0,2,,,,0.0,0.0,0,0,0,0.2
1213292120696334,NEON - R&E AI,Post-Production,1,0,0,,,,0.0,0.0,0,0,0,1.0
1213292120696334,NEON - R&E AI,Post-Project Evaluation,4,0,1,,,,0.0,0.0,0,0,0,0.25
1213292120696334,NEON - R&E AI,Pre-Production,6,0,1,,,,0.0,0.0,0,0,0,0.17
1213292120696334,NEON - R&E AI,Production,2,0,1,,,,0.0,0.0,0,0,0,0.5
1207942229848224,National Education Opportunities Network (NEON),PM Time Tracking: Lawrence,30,29,2,2025-02-04T13:44:05.868000+00:00,2025-12-26T17:47:19.596000+00:00,325,2774.0,46.23,0,0,0,0.03
1207942229848224,National Education Opportunities Network (NEON),Untitled section,9,3,1,2024-08-25T22:25:35.106000+00:00,2025-01-03T17:43:00.567000+00:00,131,0.0,0.0,4,0,0,0.11
1208659811898324,ODL Lookbook,Untitled section,4,4,1,2024-11-15T15:30:13.009000+00:00,2025-05-15T14:43:08.312000+00:00,181,1337.0,22.28,0,0,0,0.25
1213551317973102,ODL Media Studio Sessions,Completed,1,0,0,,,,0.0,0.0,0,0,0,1.0
1213551317973102,ODL Media Studio Sessions,Incoming Requests,1,0,0,,,,0.0,0.0,0,0,0,1.0
1213551317973102,ODL Media Studio Sessions,Survey Response,3,0,0,,,,0.0,0.0,0,0,0,0.33
1208255134985064,ODL Podcast,Launch,10,10,1,2024-09-19T13:17:44.154000+00:00,2024-11-01T15:49:05.104000+00:00,43,0.0,0.0,0,0,0,0.1
1208255134985064,ODL Podcast,Media Timetracking (Matthew),4,0,1,,,,105.0,1.75,0,0,0,0.25
1208255134985064,ODL Podcast,Need to Book,2,0,0,,,,65.0,1.08,16,0,0,0.5
1208255134985064,ODL Podcast,Released,15,15,2,2025-01-09T15:56:29.710000+00:00,2026-05-04T15:05:14.625000+00:00,480,950.0,15.83,121,0,0,0.07
1208740211406775,ODL Project Estimations,Animation & Graphic Design,11,0,0,,,,0.0,0.0,0,0,0,0.09
1208740211406775,ODL Project Estimations,Design,13,0,0,,,,0.0,0.0,24,0,0,0.08
1208740211406775,ODL Project Estimations,Traditional Media Totals (per 1 video),7,0,0,,,,0.0,0.0,0,0,0,0.14
1208740211406775,ODL Project Estimations,Untitled section,17,0,0,,,,0.0,0.0,0,0,0,0.06
1208740211406775,ODL Project Estimations,XR & Interactives,5,0,0,,,,0.0,0.0,0,0,0,0.2
1207868904625413,ODL Project Reflection Report,Military Testimonials,4,0,0,,,,0.0,0.0,0,0,0,0.25
1207868904625413,ODL Project Reflection Report,Phase 1: Planning and Framework Development,4,4,1,2024-07-26T14:12:45.200000+00:00,2024-08-16T16:17:46.021000+00:00,21,0.0,0.0,0,0,0,0.25
1207868904625413,ODL Project Reflection Report,Phase 2: Pilot Implementation,4,1,1,2024-08-23T16:16:47.359000+00:00,2024-08-23T16:16:47.359000+00:00,0,0.0,0.0,27,0,0,0.25
1207868904625413,ODL Project Reflection Report,Phase 3: Analysis and Improvement,6,0,1,,,,0.0,0.0,66,0,0,0.17
1207967599155608,Online Pedagogy Course  ,Course Design,4,4,1,2024-12-20T15:03:30.625000+00:00,2025-01-10T15:45:38.634000+00:00,21,0.0,0.0,26,0,0,0.25
1207967599155608,Online Pedagogy Course  ,Course Development ,3,3,1,2025-03-10T19:52:49.973000+00:00,2025-03-10T19:52:51.893000+00:00,0,0.0,0.0,11,0,0,0.33
1207967599155608,Online Pedagogy Course  ,Course Planning,5,5,1,2024-08-02T22:14:53.557000+00:00,2024-09-13T13:59:54.325000+00:00,42,0.0,0.0,6,0,0,0.2
1207967599155608,Online Pedagogy Course  ,Media,6,6,1,2024-12-06T14:59:44.998000+00:00,2025-02-04T15:54:06.841000+00:00,60,2290.0,38.17,2,0,0,0.17
1207967599155608,Online Pedagogy Course  ,QA,2,2,1,2025-03-10T19:52:53.885000+00:00,2025-03-10T19:52:54.553000+00:00,0,0.0,0.0,0,0,0,0.5
1209243150458199,PIE Video #3,Analysis,4,1,2,2025-01-27T14:42:53.431000+00:00,2025-01-27T14:42:53.431000+00:00,0,30.0,0.5,0,0,0,0.25
1209243150458199,PIE Video #3,Post-Production,10,8,2,2025-04-30T11:55:01.160000+00:00,2025-04-30T11:55:10.603000+00:00,0,0.0,0.0,0,0,0,0.1
1209243150458199,PIE Video #3,Post-Project Evaluation,4,0,1,,,,0.0,0.0,0,0,0,0.25
1209243150458199,PIE Video #3,Pre-Production,7,5,2,2025-03-26T18:49:30.802000+00:00,2025-03-26T18:49:35.870000+00:00,0,90.0,1.5,0,0,0,0.14
1209243150458199,PIE Video #3,Production,3,1,3,2025-03-26T18:49:28.677000+00:00,2025-03-26T18:49:28.677000+00:00,0,360.0,6.0,0,0,0,0.33
1209741238247552,Political Science SO Course,Analysis,3,1,1,2025-03-26T12:03:27.155000+00:00,2025-03-26T12:03:27.155000+00:00,0,0.0,0.0,0,0,0,0.33
1209741238247552,Political Science SO Course,Design,10,0,2,,,,0.0,0.0,0,0,0,0.1
1209741238247552,Political Science SO Course,Design Development,5,0,2,,,,0.0,0.0,0,0,0,0.2
1209741238247552,Political Science SO Course,PM Time Tracking: Lawrence,4,4,1,2025-03-21T13:47:30.007000+00:00,2025-04-24T00:38:17.589000+00:00,34,265.0,4.42,0,0,0,0.25
1209741238247552,Political Science SO Course,Post-Production,1,0,0,,,,0.0,0.0,0,0,0,1.0
1209741238247552,Political Science SO Course,Post-Project Evaluation,4,0,1,,,,0.0,0.0,0,0,0,0.25
1209741238247552,Political Science SO Course,Pre-Production,6,0,1,,,,0.0,0.0,0,0,0,0.17
1209741238247552,Political Science SO Course,Production,2,0,1,,,,0.0,0.0,0,0,0,0.5
1208875960377620,Program for Inclusive Education (PIE) Video #2,Video 2 - Lessons From the Saints,12,11,2,2025-01-10T18:56:03.992000+00:00,2025-02-06T19:23:48.006000+00:00,27,930.0,15.5,0,0,0,0.08
1207760971753624,Program for Inclusive Education (PIE) Videos,Untitled section,1,1,1,2024-07-10T13:50:32.425000+00:00,2024-07-10T13:50:32.425000+00:00,0,60.0,1.0,0,0,0,1.0
1207760971753624,Program for Inclusive Education (PIE) Videos,Video 1 - The Term Disability,11,11,2,2024-08-19T20:24:43.866000+00:00,2024-10-23T13:41:36.860000+00:00,65,390.0,6.5,0,0,0,0.09
1207760971753624,Program for Inclusive Education (PIE) Videos,Video 2 - Lessons From the Saints,11,0,0,,,,0.0,0.0,0,0,0,0.09
1207760971753624,Program for Inclusive Education (PIE) Videos,Video 3 - Name TBD,11,0,0,,,,0.0,0.0,0,0,0,0.09
1207760971753624,Program for Inclusive Education (PIE) Videos,Video 4 - Salt & Light,11,0,0,,,,0.0,0.0,0,0,0,0.09
1206434839973092,Project Requests & Intake ,Untitled section,24,24,0,2024-01-30T20:42:18.970000+00:00,2024-02-26T15:57:34.652000+00:00,27,0.0,0.0,0,0,0,0.04
1209679644127773,Radio Systems Course,Analysis,2,2,1,2025-03-21T13:45:17.257000+00:00,2025-06-11T13:00:48.329000+00:00,82,0.0,0.0,0,0,0,0.5
1209679644127773,Radio Systems Course,Design,9,6,3,2025-06-30T19:02:54.775000+00:00,2025-07-10T16:34:03.533000+00:00,10,210.0,3.5,0,0,0,0.11
1209679644127773,Radio Systems Course,Design Development,5,0,2,,,,0.0,0.0,6,0,0,0.2
1209679644127773,Radio Systems Course,PM Time Tracking: Lawrence,41,41,1,2025-03-17T12:20:44.895000+00:00,2025-12-26T17:23:07.469000+00:00,284,5835.0,97.25,0,0,0,0.02
1209679644127773,Radio Systems Course,Post-Production,1,0,1,,,,0.0,0.0,2,0,0,1.0
1209679644127773,Radio Systems Course,Post-Project Evaluation,4,0,1,,,,0.0,0.0,0,0,0,0.25
1209679644127773,Radio Systems Course,Pre-Production,4,1,2,2025-11-07T17:39:23.119000+00:00,2025-11-07T17:39:23.119000+00:00,0,0.0,0.0,0,0,0,0.25
1209679644127773,Radio Systems Course,Production,2,0,2,,,,0.0,0.0,0,0,0,0.5
1208981515547171,Radio Systems MVP,Delivery,6,6,0,2025-03-01T02:52:54.824000+00:00,2025-03-05T19:39:40.320000+00:00,4,60.0,1.0,2,0,0,0.17
1208981515547171,Radio Systems MVP,PM Time Tracking,9,9,1,2025-02-04T13:37:34.833000+00:00,2025-03-14T15:15:25.689000+00:00,38,565.0,9.42,0,0,0,0.11
1208981515547171,Radio Systems MVP,Post-Production,8,8,1,2025-03-01T00:34:58.692000+00:00,2025-03-01T00:37:17.974000+00:00,0,2445.0,40.75,32,0,0,0.12
1208981515547171,Radio Systems MVP,Pre-Production,3,3,0,2025-02-14T21:11:41.115000+00:00,2025-02-14T21:14:05.181000+00:00,0,540.0,9.0,5,0,0,0.33
1208981515547171,Radio Systems MVP,Production,4,4,0,2025-02-07T17:49:55.964000+00:00,2025-02-17T22:21:52.971000+00:00,10,240.0,4.0,0,0,0,0.25
1208963580488220,Responsible and Ethical AI,Adam's Post-Production Work,1,1,0,2025-05-28T23:26:02.445000+00:00,2025-05-28T23:26:02.445000+00:00,0,0.0,0.0,0,0,0,1.0
1208963580488220,Responsible and Ethical AI,Analysis,7,7,1,2025-01-19T20:26:33.034000+00:00,2025-03-29T16:50:56.314000+00:00,69,0.0,0.0,0,0,0,0.14
1208963580488220,Responsible and Ethical AI,Design,6,6,2,2025-04-16T18:37:23.193000+00:00,2025-11-10T14:41:22.146000+00:00,208,1652.0,27.53,1,0,0,0.17
1208963580488220,Responsible and Ethical AI,Launch / Post-Launch,5,5,2,2025-09-25T19:41:51.482000+00:00,2026-01-05T12:36:35.004000+00:00,102,0.0,0.0,0,0,0,0.2
1208963580488220,Responsible and Ethical AI,PM Time Tracking,48,48,1,2025-02-04T13:39:09.688000+00:00,2025-12-26T17:22:42.295000+00:00,325,10785.0,179.75,0,0,0,0.02
1208963580488220,Responsible and Ethical AI,Post-Production / Design Development,51,50,2,2025-07-29T13:49:44.907000+00:00,2025-11-10T14:41:52.908000+00:00,104,1710.0,28.5,105,0,0,0.02
1208963580488220,Responsible and Ethical AI,Pre-Production,20,20,1,2025-04-22T16:26:17.188000+00:00,2025-08-01T00:40:51.209000+00:00,101,650.0,10.83,65,0,0,0.05
1208963580488220,Responsible and Ethical AI,Production,15,14,1,2025-08-28T17:15:22.675000+00:00,2025-11-10T14:41:33.320000+00:00,74,1920.0,32.0,31,0,0,0.07
1208963580488220,Responsible and Ethical AI,Valya's Post-Production Work,1,0,1,,,,0.0,0.0,0,0,0,1.0
1212660352662527,Romance Languages video/podcast initiative,Analysis,3,0,0,,,,0.0,0.0,0,0,0,0.33
1212660352662527,Romance Languages video/podcast initiative,Design,10,0,0,,,,0.0,0.0,0,0,0,0.1
1212660352662527,Romance Languages video/podcast initiative,Design Development,5,0,0,,,,0.0,0.0,0,0,0,0.2
1212660352662527,Romance Languages video/podcast initiative,Post-Production,1,0,0,,,,0.0,0.0,0,0,0,1.0
1212660352662527,Romance Languages video/podcast initiative,Post-Project Evaluation,4,0,0,,,,0.0,0.0,0,0,0,0.25
1212660352662527,Romance Languages video/podcast initiative,Pre-Production,6,0,0,,,,0.0,0.0,0,0,0,0.17
1212660352662527,Romance Languages video/podcast initiative,Production,2,0,0,,,,0.0,0.0,0,0,0,0.5
1207907957836519,Spanish Simulation (Canvas Version),Design,2,2,1,2024-08-02T15:42:34.399000+00:00,2024-09-19T14:42:22.882000+00:00,48,0.0,0.0,5,0,0,0.5
1207907957836519,Spanish Simulation (Canvas Version),Development,3,3,1,2024-11-22T15:00:47.704000+00:00,2024-11-22T15:00:49.691000+00:00,0,0.0,0.0,8,0,0,0.33
1214783923511442,Sprint - Free-Body Diagram Visualization and Mastery,Analysis,3,0,1,,,,0.0,0.0,0,0,0,0.33
1214783923511442,Sprint - Free-Body Diagram Visualization and Mastery,Design,10,2,3,2026-06-05T15:25:05.913000+00:00,2026-06-05T15:25:58.009000+00:00,0,480.0,8.0,0,0,0,0.1
1214783923511442,Sprint - Free-Body Diagram Visualization and Mastery,Design Development,5,0,2,,,,30.0,0.5,0,0,0,0.2
1214783923511442,Sprint - Free-Body Diagram Visualization and Mastery,Post-Production,1,0,1,,,,0.0,0.0,0,0,0,1.0
1214783923511442,Sprint - Free-Body Diagram Visualization and Mastery,Post-Project Evaluation,4,0,1,,,,0.0,0.0,0,0,0,0.25
1214783923511442,Sprint - Free-Body Diagram Visualization and Mastery,Pre-Production,6,0,2,,,,0.0,0.0,0,0,0,0.17
1214783923511442,Sprint - Free-Body Diagram Visualization and Mastery,Production,2,0,2,,,,0.0,0.0,0,0,0,0.5
1215176396318246,Sprint - Lost in Transliteration,Analysis,3,0,1,,,,0.0,0.0,0,0,0,0.33
1215176396318246,Sprint - Lost in Transliteration,Design,10,0,2,,,,0.0,0.0,0,0,0,0.1
1215176396318246,Sprint - Lost in Transliteration,Design Development,5,0,2,,,,0.0,0.0,0,0,0,0.2
1215176396318246,Sprint - Lost in Transliteration,Post-Production,1,0,0,,,,0.0,0.0,0,0,0,1.0
1215176396318246,Sprint - Lost in Transliteration,Post-Project Evaluation,4,0,1,,,,0.0,0.0,0,0,0,0.25
1215176396318246,Sprint - Lost in Transliteration,Pre-Production,6,0,1,,,,0.0,0.0,0,0,0,0.17
1215176396318246,Sprint - Lost in Transliteration,Production,2,0,1,,,,0.0,0.0,0,0,0,0.5
1214783923511436,Sprint - Methods Applied: Proposal Scaffolded Support (MAPPS),Analysis,3,0,1,,,,0.0,0.0,0,0,0,0.33
1214783923511436,Sprint - Methods Applied: Proposal Scaffolded Support (MAPPS),Design,10,0,3,,,,0.0,0.0,0,0,0,0.1
1214783923511436,Sprint - Methods Applied: Proposal Scaffolded Support (MAPPS),Design Development,5,0,2,,,,0.0,0.0,0,0,0,0.2
1214783923511436,Sprint - Methods Applied: Proposal Scaffolded Support (MAPPS),Post-Production,1,0,1,,,,0.0,0.0,0,0,0,1.0
1214783923511436,Sprint - Methods Applied: Proposal Scaffolded Support (MAPPS),Post-Project Evaluation,4,0,1,,,,0.0,0.0,0,0,0,0.25
1214783923511436,Sprint - Methods Applied: Proposal Scaffolded Support (MAPPS),Pre-Production,6,0,2,,,,0.0,0.0,0,0,0,0.17
1214783923511436,Sprint - Methods Applied: Proposal Scaffolded Support (MAPPS),Production,2,0,2,,,,0.0,0.0,0,0,0,0.5
1214783923511446,Sprint - Unlocking Inaccessible Korean Heritage,Analysis,3,0,1,,,,0.0,0.0,0,0,0,0.33
1214783923511446,Sprint - Unlocking Inaccessible Korean Heritage,Design,10,0,2,,,,0.0,0.0,0,0,0,0.1
1214783923511446,Sprint - Unlocking Inaccessible Korean Heritage,Design Development,5,0,2,,,,0.0,0.0,0,0,0,0.2
1214783923511446,Sprint - Unlocking Inaccessible Korean Heritage,Post-Production,1,0,0,,,,0.0,0.0,0,0,0,1.0
1214783923511446,Sprint - Unlocking Inaccessible Korean Heritage,Post-Project Evaluation,4,0,1,,,,0.0,0.0,0,0,0,0.25
1214783923511446,Sprint - Unlocking Inaccessible Korean Heritage,Pre-Production,6,0,1,,,,0.0,0.0,0,0,0,0.17
1214783923511446,Sprint - Unlocking Inaccessible Korean Heritage,Production,2,0,1,,,,0.0,0.0,0,0,0,0.5
1210225716846542,Sprint 2025 - Bringing Korean to Life - Yeonhee Yoon,Analysis,3,3,1,2025-05-19T13:21:49.623000+00:00,2025-06-17T19:56:03.457000+00:00,29,0.0,0.0,0,0,0,0.33
1210225716846542,Sprint 2025 - Bringing Korean to Life - Yeonhee Yoon,Design,8,7,2,2025-07-11T20:13:52.870000+00:00,2025-08-11T13:08:25.893000+00:00,31,780.0,13.0,0,0,0,0.12
1210225716846542,Sprint 2025 - Bringing Korean to Life - Yeonhee Yoon,Design Development,5,0,2,,,,360.0,6.0,0,0,0,0.2
1210225716846542,Sprint 2025 - Bringing Korean to Life - Yeonhee Yoon,Post-Production,2,0,0,,,,0.0,0.0,0,0,0,0.5
1210225716846542,Sprint 2025 - Bringing Korean to Life - Yeonhee Yoon,Post-Project Evaluation,4,0,1,,,,0.0,0.0,0,0,0,0.25
1210225716846542,Sprint 2025 - Bringing Korean to Life - Yeonhee Yoon,Pre-Production,3,3,0,2025-08-11T13:08:07.932000+00:00,2025-08-11T13:08:09.760000+00:00,0,0.0,0.0,0,0,0,0.33
1210225716846542,Sprint 2025 - Bringing Korean to Life - Yeonhee Yoon,Production,2,0,1,,,,30.0,0.5,0,0,0,0.5
1210225716846536,Sprint 2025 - Digital Accessibility - Whitney James,Analysis,3,3,1,2025-06-09T20:24:38.328000+00:00,2025-06-23T13:19:31.304000+00:00,14,180.0,3.0,0,0,0,0.33
1210225716846536,Sprint 2025 - Digital Accessibility - Whitney James,Design,11,6,2,2025-05-16T14:07:47.878000+00:00,2025-07-03T16:44:59.206000+00:00,48,240.0,4.0,1,0,0,0.09
1210225716846536,Sprint 2025 - Digital Accessibility - Whitney James,Design Development,7,2,2,2025-07-27T22:39:56.475000+00:00,2025-07-27T22:39:57.002000+00:00,0,2265.0,37.75,0,0,0,0.14
1210225716846536,Sprint 2025 - Digital Accessibility - Whitney James,Post-Production,1,0,0,,,,0.0,0.0,0,0,0,1.0
1210225716846536,Sprint 2025 - Digital Accessibility - Whitney James,Post-Project Evaluation,4,0,1,,,,0.0,0.0,0,0,0,0.25
1210225716846536,Sprint 2025 - Digital Accessibility - Whitney James,Pre-Production,6,1,1,2025-07-27T22:39:49.164000+00:00,2025-07-27T22:39:49.164000+00:00,0,270.0,4.5,0,0,0,0.17
1210225716846536,Sprint 2025 - Digital Accessibility - Whitney James,Production,2,0,1,,,,0.0,0.0,0,0,0,0.5
1210225716846547,Sprint 2025 - VR in Global Health Training - Elizabeth Wood,Analysis,3,3,1,2025-06-23T17:02:06.579000+00:00,2025-06-23T17:02:07.868000+00:00,0,0.0,0.0,0,0,0,0.33
1210225716846547,Sprint 2025 - VR in Global Health Training - Elizabeth Wood,Design,9,5,3,2025-07-13T03:32:45.310000+00:00,2025-07-13T03:32:47.966000+00:00,0,0.0,0.0,0,0,0,0.11
1210225716846547,Sprint 2025 - VR in Global Health Training - Elizabeth Wood,Design Development,5,0,1,,,,0.0,0.0,0,0,0,0.2
1210225716846547,Sprint 2025 - VR in Global Health Training - Elizabeth Wood,Post-Production,1,0,1,,,,0.0,0.0,0,0,0,1.0
1210225716846547,Sprint 2025 - VR in Global Health Training - Elizabeth Wood,Post-Project Evaluation,4,0,1,,,,0.0,0.0,0,0,0,0.25
1210225716846547,Sprint 2025 - VR in Global Health Training - Elizabeth Wood,Pre-Production,6,0,2,,,,0.0,0.0,0,0,0,0.17
1210225716846547,Sprint 2025 - VR in Global Health Training - Elizabeth Wood,Production,2,0,2,,,,60.0,1.0,0,0,0,0.5
1210202036254627,Sprint 2025: Lab Prep: Visualizing Success,Analysis,3,3,1,2025-05-15T14:02:18.680000+00:00,2025-06-16T19:47:46.283000+00:00,32,0.0,0.0,0,0,0,0.33
1210202036254627,Sprint 2025: Lab Prep: Visualizing Success,Design,5,3,3,2025-06-20T19:24:54.429000+00:00,2025-07-30T11:26:49.645000+00:00,40,0.0,0.0,0,0,0,0.2
1210202036254627,Sprint 2025: Lab Prep: Visualizing Success,Design Development,3,3,2,2025-08-14T17:01:09.135000+00:00,2025-08-14T17:01:15.142000+00:00,0,240.0,4.0,0,0,0,0.33
1210202036254627,Sprint 2025: Lab Prep: Visualizing Success,PM Time Tracking: Lawrence,7,7,1,2025-05-18T18:39:17.249000+00:00,2025-06-29T18:27:51.585000+00:00,42,695.0,11.58,0,0,0,0.14
1210202036254627,Sprint 2025: Lab Prep: Visualizing Success,Post-Production,9,9,1,2025-07-25T15:41:54.010000+00:00,2025-08-04T12:35:45.879000+00:00,10,2130.0,35.5,0,0,0,0.11
1210202036254627,Sprint 2025: Lab Prep: Visualizing Success,Post-Project Evaluation,4,4,1,2025-08-14T17:01:31.384000+00:00,2026-01-02T20:00:41.686000+00:00,141,0.0,0.0,0,0,0,0.25
1210202036254627,Sprint 2025: Lab Prep: Visualizing Success,Pre-Production,5,3,1,2025-06-20T19:25:56.853000+00:00,2025-08-14T17:06:08.739000+00:00,55,0.0,0.0,0,0,0,0.2
1210202036254627,Sprint 2025: Lab Prep: Visualizing Success,Production,3,3,2,2025-07-21T14:14:27.354000+00:00,2025-08-14T17:01:02.472000+00:00,24,960.0,16.0,0,0,0,0.33
1207472351598359,Sprint: Data Visual Insights(Erlacher),Analysis,7,7,4,2024-08-22T17:57:05.789000+00:00,2025-01-08T20:28:03.782000+00:00,139,0.0,0.0,0,0,0,0.14
1207472351598359,Sprint: Data Visual Insights(Erlacher),Design,2,2,2,2024-06-03T16:51:19.520000+00:00,2024-07-03T18:30:12.019000+00:00,30,0.0,0.0,2,0,0,0.5
1207472351598359,Sprint: Data Visual Insights(Erlacher),Development,3,3,1,2024-08-30T14:25:12.783000+00:00,2025-01-08T20:28:13.584000+00:00,131,0.0,0.0,7,0,0,0.33
1207472351598359,Sprint: Data Visual Insights(Erlacher),Post-Production,2,2,1,2024-10-10T14:54:23.889000+00:00,2025-01-08T20:28:11.397000+00:00,90,0.0,0.0,4,0,0,0.5
1207472351598359,Sprint: Data Visual Insights(Erlacher),Pre-Production,2,2,1,2024-06-28T16:08:42.829000+00:00,2024-08-19T13:26:59.601000+00:00,52,0.0,0.0,0,0,0,0.5
1207472351598359,Sprint: Data Visual Insights(Erlacher),Production,3,3,2,2024-08-09T14:09:42.947000+00:00,2024-12-12T16:43:29.257000+00:00,125,0.0,0.0,21,0,0,0.33
1207473416887601,Sprint: Interactive (Elena) ,Analysis,7,4,4,2024-08-22T19:29:03.919000+00:00,2024-09-09T01:56:37.351000+00:00,18,60.0,1.0,0,0,0,0.14
1207473416887601,Sprint: Interactive (Elena) ,Design,3,3,2,2024-06-03T16:52:36.027000+00:00,2024-08-27T18:16:56.059000+00:00,85,0.0,0.0,0,0,0,0.33
1207473416887601,Sprint: Interactive (Elena) ,Genially Build,4,4,1,2024-06-28T16:13:35.089000+00:00,2024-08-27T18:16:59.030000+00:00,60,0.0,0.0,0,0,0,0.25
1207473416887619,Sprint: Molecular Neuroscience (Branco),Analysis,7,4,4,2024-08-22T18:11:34.661000+00:00,2024-09-18T00:52:35.923000+00:00,27,0.0,0.0,0,0,0,0.14
1207473416887619,Sprint: Molecular Neuroscience (Branco),Design,2,2,2,2024-06-03T16:57:26.699000+00:00,2024-06-28T16:14:04.811000+00:00,25,0.0,0.0,0,0,0,0.5
1207473416887619,Sprint: Molecular Neuroscience (Branco),Development,6,6,1,2024-10-01T18:13:45.520000+00:00,2024-12-02T17:17:09.843000+00:00,62,180.0,3.0,0,0,0,0.17
1207473416887619,Sprint: Molecular Neuroscience (Branco),Implementation,1,1,0,2024-12-02T17:17:56.311000+00:00,2024-12-02T17:17:56.311000+00:00,0,91.0,1.52,0,0,0,1.0
1207473416887619,Sprint: Molecular Neuroscience (Branco),Post-Production,8,8,1,2024-10-03T12:47:53.592000+00:00,2024-11-22T18:17:40.614000+00:00,50,0.0,0.0,0,0,0,0.12
1207473416887619,Sprint: Molecular Neuroscience (Branco),Pre-Production,3,3,0,2024-06-28T16:16:29.978000+00:00,2024-08-02T16:18:50.677000+00:00,35,0.0,0.0,11,0,0,0.33
1207473416887619,Sprint: Molecular Neuroscience (Branco),Production,2,2,0,2024-08-12T13:47:24.132000+00:00,2024-08-12T13:47:25.526000+00:00,0,0.0,0.0,0,0,0,0.5
1207472349552365,Sprint: Parent Empowerment (Boothby),Animation,3,3,1,2024-11-06T21:10:09.512000+00:00,2024-11-06T21:11:15.129000+00:00,0,0.0,0.0,21,0,0,0.33
1207472349552365,Sprint: Parent Empowerment (Boothby),Design,9,9,6,2024-06-03T15:33:50.425000+00:00,2024-11-06T21:10:25.809000+00:00,156,0.0,0.0,3,0,0,0.11
1207472349552365,Sprint: Parent Empowerment (Boothby),Pre-Production,2,2,1,2024-07-15T14:17:03.946000+00:00,2024-08-01T15:36:48.757000+00:00,17,0.0,0.0,3,0,0,0.5
1207778717570958,Standard Project Template,Animation/Graphics,2,0,0,,,,0.0,0.0,0,0,0,0.5
1207778717570958,Standard Project Template,Design,7,0,0,,,,0.0,0.0,0,0,0,0.14
1207778717570958,Standard Project Template,Development,3,0,0,,,,0.0,0.0,0,0,0,0.33
1207778717570958,Standard Project Template,Post-Production,4,0,0,,,,0.0,0.0,6,0,0,0.25
1207778717570958,Standard Project Template,Pre-Production,6,0,0,,,,0.0,0.0,0,0,0,0.17
1207778717570958,Standard Project Template,Production,4,0,0,,,,0.0,0.0,0,0,0,0.25
1212638028024693,Stata bootcamp modules,Analysis,3,0,0,,,,0.0,0.0,0,0,0,0.33
1212638028024693,Stata bootcamp modules,Design,10,0,0,,,,0.0,0.0,0,0,0,0.1
1212638028024693,Stata bootcamp modules,Design Development,5,0,0,,,,0.0,0.0,0,0,0,0.2
1212638028024693,Stata bootcamp modules,Post-Production,1,0,0,,,,0.0,0.0,0,0,0,1.0
1212638028024693,Stata bootcamp modules,Post-Project Evaluation,4,0,0,,,,0.0,0.0,0,0,0,0.25
1212638028024693,Stata bootcamp modules,Pre-Production,6,0,0,,,,0.0,0.0,0,0,0,0.17
1212638028024693,Stata bootcamp modules,Production,2,0,0,,,,0.0,0.0,0,0,0,0.5
1209877147787619,Study Abroad,Analysis,5,4,2,2025-06-20T21:22:35.088000+00:00,2025-06-30T14:16:53.840000+00:00,10,0.0,0.0,3,0,0,0.2
1209877147787619,Study Abroad,Content Redesign,9,8,2,2025-06-20T21:24:01.839000+00:00,2025-07-25T20:19:08.250000+00:00,35,60.0,1.0,0,0,0,0.11
1209877147787619,Study Abroad,Design Development,3,3,1,2025-07-25T20:18:29.207000+00:00,2025-08-01T19:07:06.486000+00:00,7,0.0,0.0,0,0,0,0.33
1209877147787619,Study Abroad,Post-Production,3,3,1,2025-07-25T13:09:28.610000+00:00,2025-07-25T20:17:57.039000+00:00,0,0.0,0.0,0,0,0,0.33
1209877147787619,Study Abroad,Post-Project Evaluation,4,2,1,2025-08-01T19:07:19.202000+00:00,2025-08-01T19:07:35.498000+00:00,0,0.0,0.0,0,0,0,0.25
1209877147787619,Study Abroad,Usability Testing,4,4,1,2025-07-25T20:18:10.865000+00:00,2025-08-14T18:44:30.385000+00:00,20,0.0,0.0,0,0,0,0.25
1206407681046274,Summer Online 2024,Instructor Support,3,3,1,2024-01-25T16:09:55.194000+00:00,2024-04-29T18:16:58.040000+00:00,95,0.0,0.0,12,0,0,0.33
1206407681046274,Summer Online 2024,Migration,6,6,2,2024-01-24T16:26:17.525000+00:00,2024-03-18T16:53:12.008000+00:00,54,0.0,0.0,3,0,0,0.17
1206407681046274,Summer Online 2024,To do,1,0,0,,,,0.0,0.0,0,0,0,1.0
1207984230724068,Summer Online 2025,Courses Begin,4,0,1,,,,0.0,0.0,3,0,0,0.25
1207984230724068,Summer Online 2025,PM Time Tracking,7,7,1,2025-02-04T13:51:53.509000+00:00,2025-03-14T12:46:58.185000+00:00,38,90.0,1.5,0,0,0,0.14
1207984230724068,Summer Online 2025,Post Evaluation,3,0,1,,,,0.0,0.0,0,0,0,0.33
1207984230724068,Summer Online 2025,Summer Online Prep,6,1,2,2025-03-02T14:27:31.342000+00:00,2025-03-02T14:27:31.342000+00:00,0,0.0,0.0,0,0,0,0.17
1211360177216098,Summer Online 2026,LD Time,1,0,1,,,,300.0,5.0,0,0,0,1.0
1211360177216098,Summer Online 2026,PM Time,1,0,0,,,,0.0,0.0,0,0,0,1.0
1210971259338451,TEST - Fast Track LAITL,Untitled section,4,4,4,2025-08-05T01:21:00.309000+00:00,2025-08-05T01:22:40.969000+00:00,0,0.0,0.0,0,0,0,0.25
1205980079388145,Teaching Everyone,Design - Course Design & Development,11,11,2,2023-12-19T18:19:50.885000+00:00,2024-07-16T13:57:30.123000+00:00,210,0.0,0.0,21,0,0,0.09
1205980079388145,Teaching Everyone,Design - Interactives,3,3,1,2024-01-31T19:46:46.821000+00:00,2024-03-19T15:29:31.946000+00:00,48,0.0,0.0,14,0,0,0.33
1205980079388145,Teaching Everyone,Media - Graphics,5,5,0,2023-12-19T19:30:59.251000+00:00,2023-12-19T19:31:02.223000+00:00,0,0.0,0.0,0,0,0,0.2
1205980079388145,Teaching Everyone,Media - Post-production,4,4,2,2024-04-24T13:11:56.836000+00:00,2024-08-09T13:30:45.800000+00:00,107,0.0,0.0,16,0,0,0.25
1205980079388145,Teaching Everyone,Media - Pre-production,10,10,0,2023-12-19T18:42:31.348000+00:00,2024-03-07T16:45:59.666000+00:00,79,0.0,0.0,18,0,0,0.1
1205980079388145,Teaching Everyone,Media - Production,3,3,0,2024-01-29T03:13:16.115000+00:00,2024-03-07T16:46:23.905000+00:00,38,0.0,0.0,0,0,0,0.33
1209109368415840,Template - Full Project (Updated Jan 2025),Analysis,4,0,0,,,,0.0,0.0,0,0,0,0.25
1209993089076881,Template - Full Project (Updated Jan 2025),Analysis,3,0,0,,,,0.0,0.0,0,0,0,0.33
1209109368415840,Template - Full Project (Updated Jan 2025),Design,11,0,0,,,,0.0,0.0,0,0,0,0.09
1209993089076881,Template - Full Project (Updated Jan 2025),Design,10,0,0,,,,0.0,0.0,0,0,0,0.1
1209109368415840,Template - Full Project (Updated Jan 2025),Design Development,6,0,0,,,,0.0,0.0,0,0,0,0.17
1209993089076881,Template - Full Project (Updated Jan 2025),Design Development,5,0,0,,,,0.0,0.0,0,0,0,0.2
1209109368415840,Template - Full Project (Updated Jan 2025),Post-Production,4,0,0,,,,0.0,0.0,0,0,0,0.25
1209993089076881,Template - Full Project (Updated Jan 2025),Post-Production,1,0,0,,,,0.0,0.0,0,0,0,1.0
1209109368415840,Template - Full Project (Updated Jan 2025),Post-Project Evaluation,5,0,0,,,,0.0,0.0,0,0,0,0.2
1209993089076881,Template - Full Project (Updated Jan 2025),Post-Project Evaluation,4,0,0,,,,0.0,0.0,0,0,0,0.25
1209109368415840,Template - Full Project (Updated Jan 2025),Pre-Production,10,0,0,,,,0.0,0.0,0,0,0,0.1
1209993089076881,Template - Full Project (Updated Jan 2025),Pre-Production,6,0,0,,,,0.0,0.0,0,0,0,0.17
1209109368415840,Template - Full Project (Updated Jan 2025),Production,7,0,0,,,,0.0,0.0,0,0,0,0.14
1209993089076881,Template - Full Project (Updated Jan 2025),Production,2,0,0,,,,0.0,0.0,0,0,0,0.5
1209243150458147,Template - Media Only Project (Updated Jan 2025),Analysis,8,0,0,,,,0.0,0.0,0,0,0,0.12
1209243150458147,Template - Media Only Project (Updated Jan 2025),Post-Production,3,0,0,,,,0.0,0.0,0,0,0,0.33
1209243150458147,Template - Media Only Project (Updated Jan 2025),Post-Project Evaluation,4,0,0,,,,0.0,0.0,0,0,0,0.25
1209243150458147,Template - Media Only Project (Updated Jan 2025),Pre-Production,6,0,0,,,,0.0,0.0,0,0,0,0.17
1209243150458147,Template - Media Only Project (Updated Jan 2025),Production,3,0,0,,,,0.0,0.0,0,0,0,0.33
1207760971753697,Test,Complete,1,1,0,2024-07-15T19:18:58.407000+00:00,2024-07-15T19:18:58.407000+00:00,0,0.0,0.0,0,0,0,1.0
1208255134984932,The Qur’an and the Bible (Gabriel Reynolds),Consutlation,1,0,0,,,,0.0,0.0,0,0,0,1.0
1208255134984932,The Qur’an and the Bible (Gabriel Reynolds),Course Map,5,5,1,2024-12-20T15:05:21.956000+00:00,2025-05-13T14:43:25.186000+00:00,144,0.0,0.0,0,0,0,0.2
1208255134984932,The Qur’an and the Bible (Gabriel Reynolds),Coursera Site,2,1,1,2025-05-16T13:43:25.921000+00:00,2025-05-16T13:43:25.921000+00:00,0,0.0,0.0,0,0,0,0.5
1208255134984932,The Qur’an and the Bible (Gabriel Reynolds),PM Time Tracking,22,22,1,2025-02-04T13:42:33.388000+00:00,2025-06-29T18:32:34.921000+00:00,145,1675.0,27.92,1,0,0,0.05
1208255134984932,The Qur’an and the Bible (Gabriel Reynolds),Untitled section,14,14,2,2024-10-14T01:03:55.089000+00:00,2025-02-05T20:48:59.474000+00:00,114,2800.0,46.67,21,0,0,0.07
1207678003764211,Tim Hubbard XR Development (Summer 2024),Rocking Rockers Simulation,17,17,0,2024-07-02T14:54:08.231000+00:00,2024-08-12T13:07:49.149000+00:00,41,0.0,0.0,55,0,0,0.06
1208255134985069,Travel Safety 101,Untitled section,13,8,0,2024-11-05T17:45:00.782000+00:00,2025-03-05T19:41:02.463000+00:00,120,945.0,15.75,0,0,0,0.08
1212638027964018,Ultrasound Communication Video,Analysis,3,0,0,,,,0.0,0.0,0,0,0,0.33
1212638027964018,Ultrasound Communication Video,Design,9,1,0,2026-04-30T14:25:03.308000+00:00,2026-04-30T14:25:03.308000+00:00,0,270.0,4.5,0,0,0,0.11
1212638027964018,Ultrasound Communication Video,Design Development,4,0,0,,,,0.0,0.0,0,0,0,0.25
1212638027964018,Ultrasound Communication Video,Media Timetracking,18,0,1,,,,1455.0,24.25,0,0,0,0.06
1212638027964018,Ultrasound Communication Video,Post-Production,9,0,0,,,,0.0,0.0,0,0,0,0.11
1212638027964018,Ultrasound Communication Video,Post-Project Evaluation,4,0,0,,,,0.0,0.0,0,0,0,0.25
1212638027964018,Ultrasound Communication Video,Pre-Production,7,1,0,2026-06-01T14:45:52.878000+00:00,2026-06-01T14:45:52.878000+00:00,0,30.0,0.5,0,0,0,0.14
1212638027964018,Ultrasound Communication Video,Production,3,0,0,,,,0.0,0.0,6,0,0,0.33
1208470191495746,Vicki Testimonial,POST-PRODUCTION,7,7,1,2024-10-11T13:08:57.529000+00:00,2024-11-15T17:42:37.622000+00:00,35,0.0,0.0,0,0,0,0.14
1209417479528380,Videos for Eva,Analysis,8,0,0,,,,0.0,0.0,0,0,0,0.12
1209417479528380,Videos for Eva,Post-Production,7,6,0,2025-02-19T19:26:06.945000+00:00,2025-05-19T17:58:08.497000+00:00,89,1155.0,19.25,0,0,0,0.14
1209417479528380,Videos for Eva,Post-Project Evaluation,4,0,0,,,,0.0,0.0,0,0,0,0.25
1209417479528380,Videos for Eva,Pre-Production,6,0,0,,,,0.0,0.0,0,0,0,0.17
1209417479528380,Videos for Eva,Production,4,3,0,2025-02-17T15:23:37.598000+00:00,2025-05-07T19:12:24.014000+00:00,79,600.0,10.0,0,0,0,0.25
1208335647365619,Virtual Borders,Analysis,9,9,2,2024-10-22T11:36:42.922000+00:00,2025-01-27T03:34:06.869000+00:00,97,0.0,0.0,0,0,0,0.11
1208335647365619,Virtual Borders,Design,6,6,1,2025-01-14T14:12:49.441000+00:00,2025-01-14T14:12:52.691000+00:00,0,0.0,0.0,10,0,0,0.17
1208335647365619,Virtual Borders,Launch / Post-Launch,5,0,1,,,,0.0,0.0,0,0,0,0.2
1208335647365619,Virtual Borders,Media Timetracking,5,0,0,,,,315.0,5.25,0,0,0,0.2
1208335647365619,Virtual Borders,Post-Production / Design Development,9,0,3,,,,0.0,0.0,0,0,0,0.11
1208335647365619,Virtual Borders,Pre-Production,4,3,1,2025-02-10T18:00:52.129000+00:00,2025-02-20T21:09:55.485000+00:00,10,870.0,14.5,9,0,0,0.25
1208335647365619,Virtual Borders,Production,13,1,2,2025-02-27T17:34:59.484000+00:00,2025-02-27T17:34:59.484000+00:00,0,5445.0,90.75,4,0,0,0.08
1206425015213615,XR Overview (Spring 24),Classroom Experiences,7,1,0,2024-01-24T01:43:21.592000+00:00,2024-01-24T01:43:21.592000+00:00,0,0.0,0.0,0,0,0,0.14
1206425015213615,XR Overview (Spring 24),Development Projects,5,1,0,2024-01-24T01:51:30.659000+00:00,2024-01-24T01:51:30.659000+00:00,0,0.0,0.0,0,0,0,0.2
1206425015213615,XR Overview (Spring 24),In Queue,2,0,0,,,,0.0,0.0,0,0,0,0.5
1206425015213615,XR Overview (Spring 24),Misc,7,2,0,2024-01-24T01:50:44.409000+00:00,2024-01-24T01:51:06.956000+00:00,0,0.0,0.0,0,0,0,0.14
1206425015213615,XR Overview (Spring 24),Tech Demos,4,4,0,2024-01-24T01:50:36.855000+00:00,2024-01-24T01:50:39.082000+00:00,0,0.0,0.0,0,0,0,0.25
1207760971753765,XR Spanish Escape Room,Development Before Playtesting,6,6,1,2024-10-22T13:23:34.965000+00:00,2024-12-09T05:33:16.343000+00:00,48,0.0,0.0,2,0,0,0.17
1207760971753765,XR Spanish Escape Room,Final Development items (Spring),5,0,1,,,,60.0,1.0,0,0,0,0.2
1207760971753765,XR Spanish Escape Room,Finished / Summer Tasks,5,5,1,2024-07-15T14:07:20.594000+00:00,2024-07-29T14:19:14.975000+00:00,14,0.0,0.0,19,0,0,0.2
1207760971753765,XR Spanish Escape Room,Testing w/students around fall break,2,2,1,2024-12-09T05:33:18.888000+00:00,2024-12-09T05:33:19.504000+00:00,0,0.0,0.0,0,0,0,0.5
1207760971753765,XR Spanish Escape Room,To-Do,2,1,1,2024-09-22T22:50:03.181000+00:00,2024-09-22T22:50:03.181000+00:00,0,0.0,0.0,5,0,0,0.5
1207760971753765,XR Spanish Escape Room,Working on,1,1,1,2024-08-05T01:49:37.750000+00:00,2024-08-05T01:49:37.750000+00:00,0,0.0,0.0,9,0,0,1.0
1209243150458283,XR for Law - Car Crash,Development,5,5,1,2025-03-25T13:37:54.481000+00:00,2025-03-25T13:38:14.020000+00:00,0,0.0,0.0,0,0,0,0.2
1209243150458283,XR for Law - Car Crash,Untitled section,3,3,1,2025-01-27T14:49:43.759000+00:00,2025-03-25T13:37:53.208000+00:00,57,0.0,0.0,1,0,0,0.33
